code,link,county
1.10E+11,01/110101.html,东城区
1.10E+11,01/110102.html,西城区
1.10E+11,01/110105.html,朝阳区
1.10E+11,01/110106.html,丰台区
1.10E+11,01/110107.html,石景山区
1.10E+11,01/110108.html,海淀区
1.10E+11,01/110109.html,门头沟区
1.10E+11,01/110111.html,房山区
1.10E+11,01/110112.html,通州区
1.10E+11,01/110113.html,顺义区
1.10E+11,01/110114.html,昌平区
1.10E+11,01/110115.html,大兴区
1.10E+11,01/110116.html,怀柔区
1.10E+11,01/110117.html,平谷区
1.10E+11,01/110118.html,密云区
1.10E+11,01/110119.html,延庆区
1.20E+11,01/120101.html,和平区
1.20E+11,01/120102.html,河东区
1.20E+11,01/120103.html,河西区
1.20E+11,01/120104.html,南开区
1.20E+11,01/120105.html,河北区
1.20E+11,01/120106.html,红桥区
1.20E+11,01/120110.html,东丽区
1.20E+11,01/120111.html,西青区
1.20E+11,01/120112.html,津南区
1.20E+11,01/120113.html,北辰区
1.20E+11,01/120114.html,武清区
1.20E+11,01/120115.html,宝坻区
1.20E+11,01/120116.html,滨海新区
1.20E+11,01/120117.html,宁河区
1.20E+11,01/120118.html,静海区
1.20E+11,01/120119.html,蓟州区
1.30E+11,,市辖区
1.30E+11,01/130102.html,长安区
1.30E+11,01/130104.html,桥西区
1.30E+11,01/130105.html,新华区
1.30E+11,01/130107.html,井陉矿区
1.30E+11,01/130108.html,裕华区
1.30E+11,01/130109.html,藁城区
1.30E+11,01/130110.html,鹿泉区
1.30E+11,01/130111.html,栾城区
1.30E+11,01/130121.html,井陉县
1.30E+11,01/130123.html,正定县
1.30E+11,01/130125.html,行唐县
1.30E+11,01/130126.html,灵寿县
1.30E+11,01/130127.html,高邑县
1.30E+11,01/130128.html,深泽县
1.30E+11,01/130129.html,赞皇县
1.30E+11,01/130130.html,无极县
1.30E+11,01/130131.html,平山县
1.30E+11,01/130132.html,元氏县
1.30E+11,01/130133.html,赵县
1.30E+11,01/130171.html,石家庄高新技术产业开发区
1.30E+11,01/130172.html,石家庄循环化工园区
1.30E+11,01/130181.html,辛集市
1.30E+11,01/130183.html,晋州市
1.30E+11,01/130184.html,新乐市
1.30E+11,,市辖区
1.30E+11,02/130202.html,路南区
1.30E+11,02/130203.html,路北区
1.30E+11,02/130204.html,古冶区
1.30E+11,02/130205.html,开平区
1.30E+11,02/130207.html,丰南区
1.30E+11,02/130208.html,丰润区
1.30E+11,02/130209.html,曹妃甸区
1.30E+11,02/130224.html,滦南县
1.30E+11,02/130225.html,乐亭县
1.30E+11,02/130227.html,迁西县
1.30E+11,02/130229.html,玉田县
1.30E+11,02/130271.html,唐山市芦台经济技术开发区
1.30E+11,02/130272.html,唐山市汉沽管理区
1.30E+11,02/130273.html,唐山高新技术产业开发区
1.30E+11,02/130274.html,河北唐山海港经济开发区
1.30E+11,02/130281.html,遵化市
1.30E+11,02/130283.html,迁安市
1.30E+11,02/130284.html,滦州市
1.30E+11,,市辖区
1.30E+11,03/130302.html,海港区
1.30E+11,03/130303.html,山海关区
1.30E+11,03/130304.html,北戴河区
1.30E+11,03/130306.html,抚宁区
1.30E+11,03/130321.html,青龙满族自治县
1.30E+11,03/130322.html,昌黎县
1.30E+11,03/130324.html,卢龙县
1.30E+11,03/130371.html,秦皇岛市经济技术开发区
1.30E+11,03/130372.html,北戴河新区
1.30E+11,,市辖区
1.30E+11,04/130402.html,邯山区
1.30E+11,04/130403.html,丛台区
1.30E+11,04/130404.html,复兴区
1.30E+11,04/130406.html,峰峰矿区
1.30E+11,04/130407.html,肥乡区
1.30E+11,04/130408.html,永年区
1.30E+11,04/130423.html,临漳县
1.30E+11,04/130424.html,成安县
1.30E+11,04/130425.html,大名县
1.30E+11,04/130426.html,涉县
1.30E+11,04/130427.html,磁县
1.30E+11,04/130430.html,邱县
1.30E+11,04/130431.html,鸡泽县
1.30E+11,04/130432.html,广平县
1.30E+11,04/130433.html,馆陶县
1.30E+11,04/130434.html,魏县
1.30E+11,04/130435.html,曲周县
1.30E+11,04/130471.html,邯郸经济技术开发区
1.30E+11,04/130473.html,邯郸冀南新区
1.30E+11,04/130481.html,武安市
1.31E+11,,市辖区
1.31E+11,05/130502.html,桥东区
1.31E+11,05/130503.html,桥西区
1.31E+11,05/130521.html,邢台县
1.31E+11,05/130522.html,临城县
1.31E+11,05/130523.html,内丘县
1.31E+11,05/130524.html,柏乡县
1.31E+11,05/130525.html,隆尧县
1.31E+11,05/130526.html,任县
1.31E+11,05/130527.html,南和县
1.31E+11,05/130528.html,宁晋县
1.31E+11,05/130529.html,巨鹿县
1.31E+11,05/130530.html,新河县
1.31E+11,05/130531.html,广宗县
1.31E+11,05/130532.html,平乡县
1.31E+11,05/130533.html,威县
1.31E+11,05/130534.html,清河县
1.31E+11,05/130535.html,临西县
1.31E+11,05/130571.html,河北邢台经济开发区
1.31E+11,05/130581.html,南宫市
1.31E+11,05/130582.html,沙河市
1.31E+11,,市辖区
1.31E+11,06/130602.html,竞秀区
1.31E+11,06/130606.html,莲池区
1.31E+11,06/130607.html,满城区
1.31E+11,06/130608.html,清苑区
1.31E+11,06/130609.html,徐水区
1.31E+11,06/130623.html,涞水县
1.31E+11,06/130624.html,阜平县
1.31E+11,06/130626.html,定兴县
1.31E+11,06/130627.html,唐县
1.31E+11,06/130628.html,高阳县
1.31E+11,06/130629.html,容城县
1.31E+11,06/130630.html,涞源县
1.31E+11,06/130631.html,望都县
1.31E+11,06/130632.html,安新县
1.31E+11,06/130633.html,易县
1.31E+11,06/130634.html,曲阳县
1.31E+11,06/130635.html,蠡县
1.31E+11,06/130636.html,顺平县
1.31E+11,06/130637.html,博野县
1.31E+11,06/130638.html,雄县
1.31E+11,06/130671.html,保定高新技术产业开发区
1.31E+11,06/130672.html,保定白沟新城
1.31E+11,06/130681.html,涿州市
1.31E+11,06/130682.html,定州市
1.31E+11,06/130683.html,安国市
1.31E+11,06/130684.html,高碑店市
1.31E+11,,市辖区
1.31E+11,07/130702.html,桥东区
1.31E+11,07/130703.html,桥西区
1.31E+11,07/130705.html,宣化区
1.31E+11,07/130706.html,下花园区
1.31E+11,07/130708.html,万全区
1.31E+11,07/130709.html,崇礼区
1.31E+11,07/130722.html,张北县
1.31E+11,07/130723.html,康保县
1.31E+11,07/130724.html,沽源县
1.31E+11,07/130725.html,尚义县
1.31E+11,07/130726.html,蔚县
1.31E+11,07/130727.html,阳原县
1.31E+11,07/130728.html,怀安县
1.31E+11,07/130730.html,怀来县
1.31E+11,07/130731.html,涿鹿县
1.31E+11,07/130732.html,赤城县
1.31E+11,07/130771.html,张家口市高新技术产业开发区
1.31E+11,07/130772.html,张家口市察北管理区
1.31E+11,07/130773.html,张家口市塞北管理区
1.31E+11,,市辖区
1.31E+11,08/130802.html,双桥区
1.31E+11,08/130803.html,双滦区
1.31E+11,08/130804.html,鹰手营子矿区
1.31E+11,08/130821.html,承德县
1.31E+11,08/130822.html,兴隆县
1.31E+11,08/130824.html,滦平县
1.31E+11,08/130825.html,隆化县
1.31E+11,08/130826.html,丰宁满族自治县
1.31E+11,08/130827.html,宽城满族自治县
1.31E+11,08/130828.html,围场满族蒙古族自治县
1.31E+11,08/130871.html,承德高新技术产业开发区
1.31E+11,08/130881.html,平泉市
1.31E+11,,市辖区
1.31E+11,09/130902.html,新华区
1.31E+11,09/130903.html,运河区
1.31E+11,09/130921.html,沧县
1.31E+11,09/130922.html,青县
1.31E+11,09/130923.html,东光县
1.31E+11,09/130924.html,海兴县
1.31E+11,09/130925.html,盐山县
1.31E+11,09/130926.html,肃宁县
1.31E+11,09/130927.html,南皮县
1.31E+11,09/130928.html,吴桥县
1.31E+11,09/130929.html,献县
1.31E+11,09/130930.html,孟村回族自治县
1.31E+11,09/130971.html,河北沧州经济开发区
1.31E+11,09/130972.html,沧州高新技术产业开发区
1.31E+11,09/130973.html,沧州渤海新区
1.31E+11,09/130981.html,泊头市
1.31E+11,09/130982.html,任丘市
1.31E+11,09/130983.html,黄骅市
1.31E+11,09/130984.html,河间市
1.31E+11,,市辖区
1.31E+11,10/131002.html,安次区
1.31E+11,10/131003.html,广阳区
1.31E+11,10/131022.html,固安县
1.31E+11,10/131023.html,永清县
1.31E+11,10/131024.html,香河县
1.31E+11,10/131025.html,大城县
1.31E+11,10/131026.html,文安县
1.31E+11,10/131028.html,大厂回族自治县
1.31E+11,10/131071.html,廊坊经济技术开发区
1.31E+11,10/131081.html,霸州市
1.31E+11,10/131082.html,三河市
1.31E+11,,市辖区
1.31E+11,11/131102.html,桃城区
1.31E+11,11/131103.html,冀州区
1.31E+11,11/131121.html,枣强县
1.31E+11,11/131122.html,武邑县
1.31E+11,11/131123.html,武强县
1.31E+11,11/131124.html,饶阳县
1.31E+11,11/131125.html,安平县
1.31E+11,11/131126.html,故城县
1.31E+11,11/131127.html,景县
1.31E+11,11/131128.html,阜城县
1.31E+11,11/131171.html,河北衡水高新技术产业开发区
1.31E+11,11/131172.html,衡水滨湖新区
1.31E+11,11/131182.html,深州市
1.40E+11,,市辖区
1.40E+11,01/140105.html,小店区
1.40E+11,01/140106.html,迎泽区
1.40E+11,01/140107.html,杏花岭区
1.40E+11,01/140108.html,尖草坪区
1.40E+11,01/140109.html,万柏林区
1.40E+11,01/140110.html,晋源区
1.40E+11,01/140121.html,清徐县
1.40E+11,01/140122.html,阳曲县
1.40E+11,01/140123.html,娄烦县
1.40E+11,01/140171.html,山西转型综合改革示范区
1.40E+11,01/140181.html,古交市
1.40E+11,02/140212.html,新荣区
1.40E+11,02/140213.html,平城区
1.40E+11,02/140214.html,云冈区
1.40E+11,02/140215.html,云州区
1.40E+11,02/140221.html,阳高县
1.40E+11,02/140222.html,天镇县
1.40E+11,02/140223.html,广灵县
1.40E+11,02/140224.html,灵丘县
1.40E+11,02/140225.html,浑源县
1.40E+11,02/140226.html,左云县
1.40E+11,02/140271.html,山西大同经济开发区
1.40E+11,03/140302.html,城区
1.40E+11,03/140303.html,矿区
1.40E+11,03/140311.html,郊区
1.40E+11,03/140321.html,平定县
1.40E+11,03/140322.html,盂县
1.40E+11,,市辖区
1.40E+11,04/140403.html,潞州区
1.40E+11,04/140404.html,上党区
1.40E+11,04/140405.html,屯留区
1.40E+11,04/140406.html,潞城区
1.40E+11,04/140423.html,襄垣县
1.40E+11,04/140425.html,平顺县
1.40E+11,04/140426.html,黎城县
1.40E+11,04/140427.html,壶关县
1.40E+11,04/140428.html,长子县
1.40E+11,04/140429.html,武乡县
1.40E+11,04/140430.html,沁县
1.40E+11,04/140431.html,沁源县
1.40E+11,04/140471.html,山西长治高新技术产业园区
1.41E+11,,市辖区
1.41E+11,05/140502.html,城区
1.41E+11,05/140521.html,沁水县
1.41E+11,05/140522.html,阳城县
1.41E+11,05/140524.html,陵川县
1.41E+11,05/140525.html,泽州县
1.41E+11,05/140581.html,高平市
1.41E+11,,市辖区
1.41E+11,06/140602.html,朔城区
1.41E+11,06/140603.html,平鲁区
1.41E+11,06/140621.html,山阴县
1.41E+11,06/140622.html,应县
1.41E+11,06/140623.html,右玉县
1.41E+11,06/140671.html,山西朔州经济开发区
1.41E+11,06/140681.html,怀仁市
1.41E+11,,市辖区
1.41E+11,07/140702.html,榆次区
1.41E+11,07/140721.html,榆社县
1.41E+11,07/140722.html,左权县
1.41E+11,07/140723.html,和顺县
1.41E+11,07/140724.html,昔阳县
1.41E+11,07/140725.html,寿阳县
1.41E+11,07/140726.html,太谷县
1.41E+11,07/140727.html,祁县
1.41E+11,07/140728.html,平遥县
1.41E+11,07/140729.html,灵石县
1.41E+11,07/140781.html,介休市
1.41E+11,,市辖区
1.41E+11,08/140802.html,盐湖区
1.41E+11,08/140821.html,临猗县
1.41E+11,08/140822.html,万荣县
1.41E+11,08/140823.html,闻喜县
1.41E+11,08/140824.html,稷山县
1.41E+11,08/140825.html,新绛县
1.41E+11,08/140826.html,绛县
1.41E+11,08/140827.html,垣曲县
1.41E+11,08/140828.html,夏县
1.41E+11,08/140829.html,平陆县
1.41E+11,08/140830.html,芮城县
1.41E+11,08/140881.html,永济市
1.41E+11,08/140882.html,河津市
1.41E+11,,市辖区
1.41E+11,09/140902.html,忻府区
1.41E+11,09/140921.html,定襄县
1.41E+11,09/140922.html,五台县
1.41E+11,09/140923.html,代县
1.41E+11,09/140924.html,繁峙县
1.41E+11,09/140925.html,宁武县
1.41E+11,09/140926.html,静乐县
1.41E+11,09/140927.html,神池县
1.41E+11,09/140928.html,五寨县
1.41E+11,09/140929.html,岢岚县
1.41E+11,09/140930.html,河曲县
1.41E+11,09/140931.html,保德县
1.41E+11,09/140932.html,偏关县
1.41E+11,09/140971.html,五台山风景名胜区
1.41E+11,09/140981.html,原平市
1.41E+11,,市辖区
1.41E+11,10/141002.html,尧都区
1.41E+11,10/141021.html,曲沃县
1.41E+11,10/141022.html,翼城县
1.41E+11,10/141023.html,襄汾县
1.41E+11,10/141024.html,洪洞县
1.41E+11,10/141025.html,古县
1.41E+11,10/141026.html,安泽县
1.41E+11,10/141027.html,浮山县
1.41E+11,10/141028.html,吉县
1.41E+11,10/141029.html,乡宁县
1.41E+11,10/141030.html,大宁县
1.41E+11,10/141031.html,隰县
1.41E+11,10/141032.html,永和县
1.41E+11,10/141033.html,蒲县
1.41E+11,10/141034.html,汾西县
1.41E+11,10/141081.html,侯马市
1.41E+11,10/141082.html,霍州市
1.41E+11,,市辖区
1.41E+11,11/141102.html,离石区
1.41E+11,11/141121.html,文水县
1.41E+11,11/141122.html,交城县
1.41E+11,11/141123.html,兴县
1.41E+11,11/141124.html,临县
1.41E+11,11/141125.html,柳林县
1.41E+11,11/141126.html,石楼县
1.41E+11,11/141127.html,岚县
1.41E+11,11/141128.html,方山县
1.41E+11,11/141129.html,中阳县
1.41E+11,11/141130.html,交口县
1.41E+11,11/141181.html,孝义市
1.41E+11,11/141182.html,汾阳市
1.50E+11,,市辖区
1.50E+11,01/150102.html,新城区
1.50E+11,01/150103.html,回民区
1.50E+11,01/150104.html,玉泉区
1.50E+11,01/150105.html,赛罕区
1.50E+11,01/150121.html,土默特左旗
1.50E+11,01/150122.html,托克托县
1.50E+11,01/150123.html,和林格尔县
1.50E+11,01/150124.html,清水河县
1.50E+11,01/150125.html,武川县
1.50E+11,01/150171.html,呼和浩特金海工业园区
1.50E+11,01/150172.html,呼和浩特经济技术开发区
1.50E+11,,市辖区
1.50E+11,02/150202.html,东河区
1.50E+11,02/150203.html,昆都仑区
1.50E+11,02/150204.html,青山区
1.50E+11,02/150205.html,石拐区
1.50E+11,02/150206.html,白云鄂博矿区
1.50E+11,02/150207.html,九原区
1.50E+11,02/150221.html,土默特右旗
1.50E+11,02/150222.html,固阳县
1.50E+11,02/150223.html,达尔罕茂明安联合旗
1.50E+11,02/150271.html,包头稀土高新技术产业开发区
1.50E+11,,市辖区
1.50E+11,03/150302.html,海勃湾区
1.50E+11,03/150303.html,海南区
1.50E+11,03/150304.html,乌达区
1.50E+11,,市辖区
1.50E+11,04/150402.html,红山区
1.50E+11,04/150403.html,元宝山区
1.50E+11,04/150404.html,松山区
1.50E+11,04/150421.html,阿鲁科尔沁旗
1.50E+11,04/150422.html,巴林左旗
1.50E+11,04/150423.html,巴林右旗
1.50E+11,04/150424.html,林西县
1.50E+11,04/150425.html,克什克腾旗
1.50E+11,04/150426.html,翁牛特旗
1.50E+11,04/150428.html,喀喇沁旗
1.50E+11,04/150429.html,宁城县
1.50E+11,04/150430.html,敖汉旗
1.51E+11,,市辖区
1.51E+11,05/150502.html,科尔沁区
1.51E+11,05/150521.html,科尔沁左翼中旗
1.51E+11,05/150522.html,科尔沁左翼后旗
1.51E+11,05/150523.html,开鲁县
1.51E+11,05/150524.html,库伦旗
1.51E+11,05/150525.html,奈曼旗
1.51E+11,05/150526.html,扎鲁特旗
1.51E+11,05/150571.html,通辽经济技术开发区
1.51E+11,05/150581.html,霍林郭勒市
1.51E+11,06/150602.html,东胜区
1.51E+11,06/150603.html,康巴什区
1.51E+11,06/150621.html,达拉特旗
1.51E+11,06/150622.html,准格尔旗
1.51E+11,06/150623.html,鄂托克前旗
1.51E+11,06/150624.html,鄂托克旗
1.51E+11,06/150625.html,杭锦旗
1.51E+11,06/150626.html,乌审旗
1.51E+11,06/150627.html,伊金霍洛旗
1.51E+11,,市辖区
1.51E+11,07/150702.html,海拉尔区
1.51E+11,07/150703.html,扎赉诺尔区
1.51E+11,07/150721.html,阿荣旗
1.51E+11,07/150722.html,莫力达瓦达斡尔族自治旗
1.51E+11,07/150723.html,鄂伦春自治旗
1.51E+11,07/150724.html,鄂温克族自治旗
1.51E+11,07/150725.html,陈巴尔虎旗
1.51E+11,07/150726.html,新巴尔虎左旗
1.51E+11,07/150727.html,新巴尔虎右旗
1.51E+11,07/150781.html,满洲里市
1.51E+11,07/150782.html,牙克石市
1.51E+11,07/150783.html,扎兰屯市
1.51E+11,07/150784.html,额尔古纳市
1.51E+11,07/150785.html,根河市
1.51E+11,08/150802.html,临河区
1.51E+11,08/150821.html,五原县
1.51E+11,08/150822.html,磴口县
1.51E+11,08/150823.html,乌拉特前旗
1.51E+11,08/150824.html,乌拉特中旗
1.51E+11,08/150825.html,乌拉特后旗
1.51E+11,08/150826.html,杭锦后旗
1.51E+11,,市辖区
1.51E+11,09/150902.html,集宁区
1.51E+11,09/150921.html,卓资县
1.51E+11,09/150922.html,化德县
1.51E+11,09/150923.html,商都县
1.51E+11,09/150924.html,兴和县
1.51E+11,09/150925.html,凉城县
1.51E+11,09/150926.html,察哈尔右翼前旗
1.51E+11,09/150927.html,察哈尔右翼中旗
1.51E+11,09/150928.html,察哈尔右翼后旗
1.51E+11,09/150929.html,四子王旗
1.51E+11,09/150981.html,丰镇市
1.52E+11,22/152201.html,乌兰浩特市
1.52E+11,22/152202.html,阿尔山市
1.52E+11,22/152221.html,科尔沁右翼前旗
1.52E+11,22/152222.html,科尔沁右翼中旗
1.52E+11,22/152223.html,扎赉特旗
1.52E+11,22/152224.html,突泉县
1.53E+11,25/152501.html,二连浩特市
1.53E+11,25/152502.html,锡林浩特市
1.53E+11,25/152522.html,阿巴嘎旗
1.53E+11,25/152523.html,苏尼特左旗
1.53E+11,25/152524.html,苏尼特右旗
1.53E+11,25/152525.html,东乌珠穆沁旗
1.53E+11,25/152526.html,西乌珠穆沁旗
1.53E+11,25/152527.html,太仆寺旗
1.53E+11,25/152528.html,镶黄旗
1.53E+11,25/152529.html,正镶白旗
1.53E+11,25/152530.html,正蓝旗
1.53E+11,25/152531.html,多伦县
1.53E+11,25/152571.html,乌拉盖管委会
1.53E+11,29/152921.html,阿拉善左旗
1.53E+11,29/152922.html,阿拉善右旗
1.53E+11,29/152923.html,额济纳旗
1.53E+11,29/152971.html,内蒙古阿拉善经济开发区
2.10E+11,,市辖区
2.10E+11,01/210102.html,和平区
2.10E+11,01/210103.html,沈河区
2.10E+11,01/210104.html,大东区
2.10E+11,01/210105.html,皇姑区
2.10E+11,01/210106.html,铁西区
2.10E+11,01/210111.html,苏家屯区
2.10E+11,01/210112.html,浑南区
2.10E+11,01/210113.html,沈北新区
2.10E+11,01/210114.html,于洪区
2.10E+11,01/210115.html,辽中区
2.10E+11,01/210123.html,康平县
2.10E+11,01/210124.html,法库县
2.10E+11,01/210181.html,新民市
2.10E+11,,市辖区
2.10E+11,02/210202.html,中山区
2.10E+11,02/210203.html,西岗区
2.10E+11,02/210204.html,沙河口区
2.10E+11,02/210211.html,甘井子区
2.10E+11,02/210212.html,旅顺口区
2.10E+11,02/210213.html,金州区
2.10E+11,02/210214.html,普兰店区
2.10E+11,02/210224.html,长海县
2.10E+11,02/210281.html,瓦房店市
2.10E+11,02/210283.html,庄河市
2.10E+11,,市辖区
2.10E+11,03/210302.html,铁东区
2.10E+11,03/210303.html,铁西区
2.10E+11,03/210304.html,立山区
2.10E+11,03/210311.html,千山区
2.10E+11,03/210321.html,台安县
2.10E+11,03/210323.html,岫岩满族自治县
2.10E+11,03/210381.html,海城市
2.10E+11,,市辖区
2.10E+11,04/210402.html,新抚区
2.10E+11,04/210403.html,东洲区
2.10E+11,04/210404.html,望花区
2.10E+11,04/210411.html,顺城区
2.10E+11,04/210421.html,抚顺县
2.10E+11,04/210422.html,新宾满族自治县
2.10E+11,04/210423.html,清原满族自治县
2.11E+11,,市辖区
2.11E+11,05/210502.html,平山区
2.11E+11,05/210503.html,溪湖区
2.11E+11,05/210504.html,明山区
2.11E+11,05/210505.html,南芬区
2.11E+11,05/210521.html,本溪满族自治县
2.11E+11,05/210522.html,桓仁满族自治县
2.11E+11,,市辖区
2.11E+11,06/210602.html,元宝区
2.11E+11,06/210603.html,振兴区
2.11E+11,06/210604.html,振安区
2.11E+11,06/210624.html,宽甸满族自治县
2.11E+11,06/210681.html,东港市
2.11E+11,06/210682.html,凤城市
2.11E+11,,市辖区
2.11E+11,07/210702.html,古塔区
2.11E+11,07/210703.html,凌河区
2.11E+11,07/210711.html,太和区
2.11E+11,07/210726.html,黑山县
2.11E+11,07/210727.html,义县
2.11E+11,07/210781.html,凌海市
2.11E+11,07/210782.html,北镇市
2.11E+11,,市辖区
2.11E+11,08/210802.html,站前区
2.11E+11,08/210803.html,西市区
2.11E+11,08/210804.html,鲅鱼圈区
2.11E+11,08/210811.html,老边区
2.11E+11,08/210881.html,盖州市
2.11E+11,08/210882.html,大石桥市
2.11E+11,,市辖区
2.11E+11,09/210902.html,海州区
2.11E+11,09/210903.html,新邱区
2.11E+11,09/210904.html,太平区
2.11E+11,09/210905.html,清河门区
2.11E+11,09/210911.html,细河区
2.11E+11,09/210921.html,阜新蒙古族自治县
2.11E+11,09/210922.html,彰武县
2.11E+11,,市辖区
2.11E+11,10/211002.html,白塔区
2.11E+11,10/211003.html,文圣区
2.11E+11,10/211004.html,宏伟区
2.11E+11,10/211005.html,弓长岭区
2.11E+11,10/211011.html,太子河区
2.11E+11,10/211021.html,辽阳县
2.11E+11,10/211081.html,灯塔市
2.11E+11,,市辖区
2.11E+11,11/211102.html,双台子区
2.11E+11,11/211103.html,兴隆台区
2.11E+11,11/211104.html,大洼区
2.11E+11,11/211122.html,盘山县
2.11E+11,,市辖区
2.11E+11,12/211202.html,银州区
2.11E+11,12/211204.html,清河区
2.11E+11,12/211221.html,铁岭县
2.11E+11,12/211223.html,西丰县
2.11E+11,12/211224.html,昌图县
2.11E+11,12/211281.html,调兵山市
2.11E+11,12/211282.html,开原市
2.11E+11,,市辖区
2.11E+11,13/211302.html,双塔区
2.11E+11,13/211303.html,龙城区
2.11E+11,13/211321.html,朝阳县
2.11E+11,13/211322.html,建平县
2.11E+11,13/211324.html,喀喇沁左翼蒙古族自治县
2.11E+11,13/211381.html,北票市
2.11E+11,13/211382.html,凌源市
2.11E+11,,市辖区
2.11E+11,14/211402.html,连山区
2.11E+11,14/211403.html,龙港区
2.11E+11,14/211404.html,南票区
2.11E+11,14/211421.html,绥中县
2.11E+11,14/211422.html,建昌县
2.11E+11,14/211481.html,兴城市
2.20E+11,,市辖区
2.20E+11,01/220102.html,南关区
2.20E+11,01/220103.html,宽城区
2.20E+11,01/220104.html,朝阳区
2.20E+11,01/220105.html,二道区
2.20E+11,01/220106.html,绿园区
2.20E+11,01/220112.html,双阳区
2.20E+11,01/220113.html,九台区
2.20E+11,01/220122.html,农安县
2.20E+11,01/220171.html,长春经济技术开发区
2.20E+11,01/220172.html,长春净月高新技术产业开发区
2.20E+11,01/220173.html,长春高新技术产业开发区
2.20E+11,01/220174.html,长春汽车经济技术开发区
2.20E+11,01/220182.html,榆树市
2.20E+11,01/220183.html,德惠市
2.20E+11,,市辖区
2.20E+11,02/220202.html,昌邑区
2.20E+11,02/220203.html,龙潭区
2.20E+11,02/220204.html,船营区
2.20E+11,02/220211.html,丰满区
2.20E+11,02/220221.html,永吉县
2.20E+11,02/220271.html,吉林经济开发区
2.20E+11,02/220272.html,吉林高新技术产业开发区
2.20E+11,02/220273.html,吉林中国新加坡食品区
2.20E+11,02/220281.html,蛟河市
2.20E+11,02/220282.html,桦甸市
2.20E+11,02/220283.html,舒兰市
2.20E+11,02/220284.html,磐石市
2.20E+11,,市辖区
2.20E+11,03/220302.html,铁西区
2.20E+11,03/220303.html,铁东区
2.20E+11,03/220322.html,梨树县
2.20E+11,03/220323.html,伊通满族自治县
2.20E+11,03/220381.html,公主岭市
2.20E+11,03/220382.html,双辽市
2.20E+11,,市辖区
2.20E+11,04/220402.html,龙山区
2.20E+11,04/220403.html,西安区
2.20E+11,04/220421.html,东丰县
2.20E+11,04/220422.html,东辽县
2.21E+11,,市辖区
2.21E+11,05/220502.html,东昌区
2.21E+11,05/220503.html,二道江区
2.21E+11,05/220521.html,通化县
2.21E+11,05/220523.html,辉南县
2.21E+11,05/220524.html,柳河县
2.21E+11,05/220581.html,梅河口市
2.21E+11,05/220582.html,集安市
2.21E+11,,市辖区
2.21E+11,06/220602.html,浑江区
2.21E+11,06/220605.html,江源区
2.21E+11,06/220621.html,抚松县
2.21E+11,06/220622.html,靖宇县
2.21E+11,06/220623.html,长白朝鲜族自治县
2.21E+11,06/220681.html,临江市
2.21E+11,,市辖区
2.21E+11,07/220702.html,宁江区
2.21E+11,07/220721.html,前郭尔罗斯蒙古族自治县
2.21E+11,07/220722.html,长岭县
2.21E+11,07/220723.html,乾安县
2.21E+11,07/220771.html,吉林松原经济开发区
2.21E+11,07/220781.html,扶余市
2.21E+11,,市辖区
2.21E+11,08/220802.html,洮北区
2.21E+11,08/220821.html,镇赉县
2.21E+11,08/220822.html,通榆县
2.21E+11,08/220871.html,吉林白城经济开发区
2.21E+11,08/220881.html,洮南市
2.21E+11,08/220882.html,大安市
2.22E+11,24/222401.html,延吉市
2.22E+11,24/222402.html,图们市
2.22E+11,24/222403.html,敦化市
2.22E+11,24/222404.html,珲春市
2.22E+11,24/222405.html,龙井市
2.22E+11,24/222406.html,和龙市
2.22E+11,24/222424.html,汪清县
2.22E+11,24/222426.html,安图县
2.30E+11,,市辖区
2.30E+11,01/230102.html,道里区
2.30E+11,01/230103.html,南岗区
2.30E+11,01/230104.html,道外区
2.30E+11,01/230108.html,平房区
2.30E+11,01/230109.html,松北区
2.30E+11,01/230110.html,香坊区
2.30E+11,01/230111.html,呼兰区
2.30E+11,01/230112.html,阿城区
2.30E+11,01/230113.html,双城区
2.30E+11,01/230123.html,依兰县
2.30E+11,01/230124.html,方正县
2.30E+11,01/230125.html,宾县
2.30E+11,01/230126.html,巴彦县
2.30E+11,01/230127.html,木兰县
2.30E+11,01/230128.html,通河县
2.30E+11,01/230129.html,延寿县
2.30E+11,01/230183.html,尚志市
2.30E+11,01/230184.html,五常市
2.30E+11,,市辖区
2.30E+11,02/230202.html,龙沙区
2.30E+11,02/230203.html,建华区
2.30E+11,02/230204.html,铁锋区
2.30E+11,02/230205.html,昂昂溪区
2.30E+11,02/230206.html,富拉尔基区
2.30E+11,02/230207.html,碾子山区
2.30E+11,02/230208.html,梅里斯达斡尔族区
2.30E+11,02/230221.html,龙江县
2.30E+11,02/230223.html,依安县
2.30E+11,02/230224.html,泰来县
2.30E+11,02/230225.html,甘南县
2.30E+11,02/230227.html,富裕县
2.30E+11,02/230229.html,克山县
2.30E+11,02/230230.html,克东县
2.30E+11,02/230231.html,拜泉县
2.30E+11,02/230281.html,讷河市
2.30E+11,,市辖区
2.30E+11,03/230302.html,鸡冠区
2.30E+11,03/230303.html,恒山区
2.30E+11,03/230304.html,滴道区
2.30E+11,03/230305.html,梨树区
2.30E+11,03/230306.html,城子河区
2.30E+11,03/230307.html,麻山区
2.30E+11,03/230321.html,鸡东县
2.30E+11,03/230381.html,虎林市
2.30E+11,03/230382.html,密山市
2.30E+11,,市辖区
2.30E+11,04/230402.html,向阳区
2.30E+11,04/230403.html,工农区
2.30E+11,04/230404.html,南山区
2.30E+11,04/230405.html,兴安区
2.30E+11,04/230406.html,东山区
2.30E+11,04/230407.html,兴山区
2.30E+11,04/230421.html,萝北县
2.30E+11,04/230422.html,绥滨县
2.31E+11,,市辖区
2.31E+11,05/230502.html,尖山区
2.31E+11,05/230503.html,岭东区
2.31E+11,05/230505.html,四方台区
2.31E+11,05/230506.html,宝山区
2.31E+11,05/230521.html,集贤县
2.31E+11,05/230522.html,友谊县
2.31E+11,05/230523.html,宝清县
2.31E+11,05/230524.html,饶河县
2.31E+11,,市辖区
2.31E+11,06/230602.html,萨尔图区
2.31E+11,06/230603.html,龙凤区
2.31E+11,06/230604.html,让胡路区
2.31E+11,06/230605.html,红岗区
2.31E+11,06/230606.html,大同区
2.31E+11,06/230621.html,肇州县
2.31E+11,06/230622.html,肇源县
2.31E+11,06/230623.html,林甸县
2.31E+11,06/230624.html,杜尔伯特蒙古族自治县
2.31E+11,06/230671.html,大庆高新技术产业开发区
2.31E+11,,市辖区
2.31E+11,07/230702.html,伊春区
2.31E+11,07/230703.html,南岔区
2.31E+11,07/230704.html,友好区
2.31E+11,07/230705.html,西林区
2.31E+11,07/230706.html,翠峦区
2.31E+11,07/230707.html,新青区
2.31E+11,07/230708.html,美溪区
2.31E+11,07/230709.html,金山屯区
2.31E+11,07/230710.html,五营区
2.31E+11,07/230711.html,乌马河区
2.31E+11,07/230712.html,汤旺河区
2.31E+11,07/230713.html,带岭区
2.31E+11,07/230714.html,乌伊岭区
2.31E+11,07/230715.html,红星区
2.31E+11,07/230716.html,上甘岭区
2.31E+11,07/230722.html,嘉荫县
2.31E+11,07/230781.html,铁力市
2.31E+11,,市辖区
2.31E+11,08/230803.html,向阳区
2.31E+11,08/230804.html,前进区
2.31E+11,08/230805.html,东风区
2.31E+11,08/230811.html,郊区
2.31E+11,08/230822.html,桦南县
2.31E+11,08/230826.html,桦川县
2.31E+11,08/230828.html,汤原县
2.31E+11,08/230881.html,同江市
2.31E+11,08/230882.html,富锦市
2.31E+11,08/230883.html,抚远市
2.31E+11,,市辖区
2.31E+11,09/230902.html,新兴区
2.31E+11,09/230903.html,桃山区
2.31E+11,09/230904.html,茄子河区
2.31E+11,09/230921.html,勃利县
2.31E+11,,市辖区
2.31E+11,10/231002.html,东安区
2.31E+11,10/231003.html,阳明区
2.31E+11,10/231004.html,爱民区
2.31E+11,10/231005.html,西安区
2.31E+11,10/231025.html,林口县
2.31E+11,10/231071.html,牡丹江经济技术开发区
2.31E+11,10/231081.html,绥芬河市
2.31E+11,10/231083.html,海林市
2.31E+11,10/231084.html,宁安市
2.31E+11,10/231085.html,穆棱市
2.31E+11,10/231086.html,东宁市
2.31E+11,,市辖区
2.31E+11,11/231102.html,爱辉区
2.31E+11,11/231121.html,嫩江县
2.31E+11,11/231123.html,逊克县
2.31E+11,11/231124.html,孙吴县
2.31E+11,11/231181.html,北安市
2.31E+11,11/231182.html,五大连池市
2.31E+11,,市辖区
2.31E+11,12/231202.html,北林区
2.31E+11,12/231221.html,望奎县
2.31E+11,12/231222.html,兰西县
2.31E+11,12/231223.html,青冈县
2.31E+11,12/231224.html,庆安县
2.31E+11,12/231225.html,明水县
2.31E+11,12/231226.html,绥棱县
2.31E+11,12/231281.html,安达市
2.31E+11,12/231282.html,肇东市
2.31E+11,12/231283.html,海伦市
2.33E+11,27/232701.html,漠河市
2.33E+11,27/232721.html,呼玛县
2.33E+11,27/232722.html,塔河县
2.33E+11,27/232761.html,加格达奇区
2.33E+11,27/232762.html,松岭区
2.33E+11,27/232763.html,新林区
2.33E+11,27/232764.html,呼中区
3.10E+11,01/310101.html,黄浦区
3.10E+11,01/310104.html,徐汇区
3.10E+11,01/310105.html,长宁区
3.10E+11,01/310106.html,静安区
3.10E+11,01/310107.html,普陀区
3.10E+11,01/310109.html,虹口区
3.10E+11,01/310110.html,杨浦区
3.10E+11,01/310112.html,闵行区
3.10E+11,01/310113.html,宝山区
3.10E+11,01/310114.html,嘉定区
3.10E+11,01/310115.html,浦东新区
3.10E+11,01/310116.html,金山区
3.10E+11,01/310117.html,松江区
3.10E+11,01/310118.html,青浦区
3.10E+11,01/310120.html,奉贤区
3.10E+11,01/310151.html,崇明区
3.20E+11,,市辖区
3.20E+11,01/320102.html,玄武区
3.20E+11,01/320104.html,秦淮区
3.20E+11,01/320105.html,建邺区
3.20E+11,01/320106.html,鼓楼区
3.20E+11,01/320111.html,浦口区
3.20E+11,01/320113.html,栖霞区
3.20E+11,01/320114.html,雨花台区
3.20E+11,01/320115.html,江宁区
3.20E+11,01/320116.html,六合区
3.20E+11,01/320117.html,溧水区
3.20E+11,01/320118.html,高淳区
3.20E+11,,市辖区
3.20E+11,02/320205.html,锡山区
3.20E+11,02/320206.html,惠山区
3.20E+11,02/320211.html,滨湖区
3.20E+11,02/320213.html,梁溪区
3.20E+11,02/320214.html,新吴区
3.20E+11,02/320281.html,江阴市
3.20E+11,02/320282.html,宜兴市
3.20E+11,,市辖区
3.20E+11,03/320302.html,鼓楼区
3.20E+11,03/320303.html,云龙区
3.20E+11,03/320305.html,贾汪区
3.20E+11,03/320311.html,泉山区
3.20E+11,03/320312.html,铜山区
3.20E+11,03/320321.html,丰县
3.20E+11,03/320322.html,沛县
3.20E+11,03/320324.html,睢宁县
3.20E+11,03/320371.html,徐州经济技术开发区
3.20E+11,03/320381.html,新沂市
3.20E+11,03/320382.html,邳州市
3.20E+11,,市辖区
3.20E+11,04/320402.html,天宁区
3.20E+11,04/320404.html,钟楼区
3.20E+11,04/320411.html,新北区
3.20E+11,04/320412.html,武进区
3.20E+11,04/320413.html,金坛区
3.20E+11,04/320481.html,溧阳市
3.21E+11,,市辖区
3.21E+11,05/320505.html,虎丘区
3.21E+11,05/320506.html,吴中区
3.21E+11,05/320507.html,相城区
3.21E+11,05/320508.html,姑苏区
3.21E+11,05/320509.html,吴江区
3.21E+11,05/320571.html,苏州工业园区
3.21E+11,05/320581.html,常熟市
3.21E+11,05/320582.html,张家港市
3.21E+11,05/320583.html,昆山市
3.21E+11,05/320585.html,太仓市
3.21E+11,,市辖区
3.21E+11,06/320602.html,崇川区
3.21E+11,06/320611.html,港闸区
3.21E+11,06/320612.html,通州区
3.21E+11,06/320623.html,如东县
3.21E+11,06/320671.html,南通经济技术开发区
3.21E+11,06/320681.html,启东市
3.21E+11,06/320682.html,如皋市
3.21E+11,06/320684.html,海门市
3.21E+11,06/320685.html,海安市
3.21E+11,,市辖区
3.21E+11,07/320703.html,连云区
3.21E+11,07/320706.html,海州区
3.21E+11,07/320707.html,赣榆区
3.21E+11,07/320722.html,东海县
3.21E+11,07/320723.html,灌云县
3.21E+11,07/320724.html,灌南县
3.21E+11,07/320771.html,连云港经济技术开发区
3.21E+11,07/320772.html,连云港高新技术产业开发区
3.21E+11,,市辖区
3.21E+11,08/320803.html,淮安区
3.21E+11,08/320804.html,淮阴区
3.21E+11,08/320812.html,清江浦区
3.21E+11,08/320813.html,洪泽区
3.21E+11,08/320826.html,涟水县
3.21E+11,08/320830.html,盱眙县
3.21E+11,08/320831.html,金湖县
3.21E+11,08/320871.html,淮安经济技术开发区
3.21E+11,,市辖区
3.21E+11,09/320902.html,亭湖区
3.21E+11,09/320903.html,盐都区
3.21E+11,09/320904.html,大丰区
3.21E+11,09/320921.html,响水县
3.21E+11,09/320922.html,滨海县
3.21E+11,09/320923.html,阜宁县
3.21E+11,09/320924.html,射阳县
3.21E+11,09/320925.html,建湖县
3.21E+11,09/320971.html,盐城经济技术开发区
3.21E+11,09/320981.html,东台市
3.21E+11,,市辖区
3.21E+11,10/321002.html,广陵区
3.21E+11,10/321003.html,邗江区
3.21E+11,10/321012.html,江都区
3.21E+11,10/321023.html,宝应县
3.21E+11,10/321071.html,扬州经济技术开发区
3.21E+11,10/321081.html,仪征市
3.21E+11,10/321084.html,高邮市
3.21E+11,,市辖区
3.21E+11,11/321102.html,京口区
3.21E+11,11/321111.html,润州区
3.21E+11,11/321112.html,丹徒区
3.21E+11,11/321171.html,镇江新区
3.21E+11,11/321181.html,丹阳市
3.21E+11,11/321182.html,扬中市
3.21E+11,11/321183.html,句容市
3.21E+11,,市辖区
3.21E+11,12/321202.html,海陵区
3.21E+11,12/321203.html,高港区
3.21E+11,12/321204.html,姜堰区
3.21E+11,12/321271.html,泰州医药高新技术产业开发区
3.21E+11,12/321281.html,兴化市
3.21E+11,12/321282.html,靖江市
3.21E+11,12/321283.html,泰兴市
3.21E+11,,市辖区
3.21E+11,13/321302.html,宿城区
3.21E+11,13/321311.html,宿豫区
3.21E+11,13/321322.html,沭阳县
3.21E+11,13/321323.html,泗阳县
3.21E+11,13/321324.html,泗洪县
3.21E+11,13/321371.html,宿迁经济技术开发区
3.30E+11,,市辖区
3.30E+11,01/330102.html,上城区
3.30E+11,01/330103.html,下城区
3.30E+11,01/330104.html,江干区
3.30E+11,01/330105.html,拱墅区
3.30E+11,01/330106.html,西湖区
3.30E+11,01/330108.html,滨江区
3.30E+11,01/330109.html,萧山区
3.30E+11,01/330110.html,余杭区
3.30E+11,01/330111.html,富阳区
3.30E+11,01/330112.html,临安区
3.30E+11,01/330122.html,桐庐县
3.30E+11,01/330127.html,淳安县
3.30E+11,01/330182.html,建德市
3.30E+11,,市辖区
3.30E+11,02/330203.html,海曙区
3.30E+11,02/330205.html,江北区
3.30E+11,02/330206.html,北仑区
3.30E+11,02/330211.html,镇海区
3.30E+11,02/330212.html,鄞州区
3.30E+11,02/330213.html,奉化区
3.30E+11,02/330225.html,象山县
3.30E+11,02/330226.html,宁海县
3.30E+11,02/330281.html,余姚市
3.30E+11,02/330282.html,慈溪市
3.30E+11,,市辖区
3.30E+11,03/330302.html,鹿城区
3.30E+11,03/330303.html,龙湾区
3.30E+11,03/330304.html,瓯海区
3.30E+11,03/330305.html,洞头区
3.30E+11,03/330324.html,永嘉县
3.30E+11,03/330326.html,平阳县
3.30E+11,03/330327.html,苍南县
3.30E+11,03/330328.html,文成县
3.30E+11,03/330329.html,泰顺县
3.30E+11,03/330371.html,温州经济技术开发区
3.30E+11,03/330381.html,瑞安市
3.30E+11,03/330382.html,乐清市
3.30E+11,,市辖区
3.30E+11,04/330402.html,南湖区
3.30E+11,04/330411.html,秀洲区
3.30E+11,04/330421.html,嘉善县
3.30E+11,04/330424.html,海盐县
3.30E+11,04/330481.html,海宁市
3.30E+11,04/330482.html,平湖市
3.30E+11,04/330483.html,桐乡市
3.31E+11,,市辖区
3.31E+11,05/330502.html,吴兴区
3.31E+11,05/330503.html,南浔区
3.31E+11,05/330521.html,德清县
3.31E+11,05/330522.html,长兴县
3.31E+11,05/330523.html,安吉县
3.31E+11,,市辖区
3.31E+11,06/330602.html,越城区
3.31E+11,06/330603.html,柯桥区
3.31E+11,06/330604.html,上虞区
3.31E+11,06/330624.html,新昌县
3.31E+11,06/330681.html,诸暨市
3.31E+11,06/330683.html,嵊州市
3.31E+11,,市辖区
3.31E+11,07/330702.html,婺城区
3.31E+11,07/330703.html,金东区
3.31E+11,07/330723.html,武义县
3.31E+11,07/330726.html,浦江县
3.31E+11,07/330727.html,磐安县
3.31E+11,07/330781.html,兰溪市
3.31E+11,07/330782.html,义乌市
3.31E+11,07/330783.html,东阳市
3.31E+11,07/330784.html,永康市
3.31E+11,,市辖区
3.31E+11,08/330802.html,柯城区
3.31E+11,08/330803.html,衢江区
3.31E+11,08/330822.html,常山县
3.31E+11,08/330824.html,开化县
3.31E+11,08/330825.html,龙游县
3.31E+11,08/330881.html,江山市
3.31E+11,,市辖区
3.31E+11,09/330902.html,定海区
3.31E+11,09/330903.html,普陀区
3.31E+11,09/330921.html,岱山县
3.31E+11,09/330922.html,嵊泗县
3.31E+11,,市辖区
3.31E+11,10/331002.html,椒江区
3.31E+11,10/331003.html,黄岩区
3.31E+11,10/331004.html,路桥区
3.31E+11,10/331022.html,三门县
3.31E+11,10/331023.html,天台县
3.31E+11,10/331024.html,仙居县
3.31E+11,10/331081.html,温岭市
3.31E+11,10/331082.html,临海市
3.31E+11,10/331083.html,玉环市
3.31E+11,,市辖区
3.31E+11,11/331102.html,莲都区
3.31E+11,11/331121.html,青田县
3.31E+11,11/331122.html,缙云县
3.31E+11,11/331123.html,遂昌县
3.31E+11,11/331124.html,松阳县
3.31E+11,11/331125.html,云和县
3.31E+11,11/331126.html,庆元县
3.31E+11,11/331127.html,景宁畲族自治县
3.31E+11,11/331181.html,龙泉市
3.40E+11,,市辖区
3.40E+11,01/340102.html,瑶海区
3.40E+11,01/340103.html,庐阳区
3.40E+11,01/340104.html,蜀山区
3.40E+11,01/340111.html,包河区
3.40E+11,01/340121.html,长丰县
3.40E+11,01/340122.html,肥东县
3.40E+11,01/340123.html,肥西县
3.40E+11,01/340124.html,庐江县
3.40E+11,01/340171.html,合肥高新技术产业开发区
3.40E+11,01/340172.html,合肥经济技术开发区
3.40E+11,01/340173.html,合肥新站高新技术产业开发区
3.40E+11,01/340181.html,巢湖市
3.40E+11,,市辖区
3.40E+11,02/340202.html,镜湖区
3.40E+11,02/340203.html,弋江区
3.40E+11,02/340207.html,鸠江区
3.40E+11,02/340208.html,三山区
3.40E+11,02/340221.html,芜湖县
3.40E+11,02/340222.html,繁昌县
3.40E+11,02/340223.html,南陵县
3.40E+11,02/340225.html,无为县
3.40E+11,02/340271.html,芜湖经济技术开发区
3.40E+11,02/340272.html,安徽芜湖长江大桥经济开发区
3.40E+11,,市辖区
3.40E+11,03/340302.html,龙子湖区
3.40E+11,03/340303.html,蚌山区
3.40E+11,03/340304.html,禹会区
3.40E+11,03/340311.html,淮上区
3.40E+11,03/340321.html,怀远县
3.40E+11,03/340322.html,五河县
3.40E+11,03/340323.html,固镇县
3.40E+11,03/340371.html,蚌埠市高新技术开发区
3.40E+11,03/340372.html,蚌埠市经济开发区
3.40E+11,,市辖区
3.40E+11,04/340402.html,大通区
3.40E+11,04/340403.html,田家庵区
3.40E+11,04/340404.html,谢家集区
3.40E+11,04/340405.html,八公山区
3.40E+11,04/340406.html,潘集区
3.40E+11,04/340421.html,凤台县
3.40E+11,04/340422.html,寿县
3.41E+11,,市辖区
3.41E+11,05/340503.html,花山区
3.41E+11,05/340504.html,雨山区
3.41E+11,05/340506.html,博望区
3.41E+11,05/340521.html,当涂县
3.41E+11,05/340522.html,含山县
3.41E+11,05/340523.html,和县
3.41E+11,,市辖区
3.41E+11,06/340602.html,杜集区
3.41E+11,06/340603.html,相山区
3.41E+11,06/340604.html,烈山区
3.41E+11,06/340621.html,濉溪县
3.41E+11,,市辖区
3.41E+11,07/340705.html,铜官区
3.41E+11,07/340706.html,义安区
3.41E+11,07/340711.html,郊区
3.41E+11,07/340722.html,枞阳县
3.41E+11,,市辖区
3.41E+11,08/340802.html,迎江区
3.41E+11,08/340803.html,大观区
3.41E+11,08/340811.html,宜秀区
3.41E+11,08/340822.html,怀宁县
3.41E+11,08/340825.html,太湖县
3.41E+11,08/340826.html,宿松县
3.41E+11,08/340827.html,望江县
3.41E+11,08/340828.html,岳西县
3.41E+11,08/340871.html,安徽安庆经济开发区
3.41E+11,08/340881.html,桐城市
3.41E+11,08/340882.html,潜山市
3.41E+11,,市辖区
3.41E+11,10/341002.html,屯溪区
3.41E+11,10/341003.html,黄山区
3.41E+11,10/341004.html,徽州区
3.41E+11,10/341021.html,歙县
3.41E+11,10/341022.html,休宁县
3.41E+11,10/341023.html,黟县
3.41E+11,10/341024.html,祁门县
3.41E+11,,市辖区
3.41E+11,11/341102.html,琅琊区
3.41E+11,11/341103.html,南谯区
3.41E+11,11/341122.html,来安县
3.41E+11,11/341124.html,全椒县
3.41E+11,11/341125.html,定远县
3.41E+11,11/341126.html,凤阳县
3.41E+11,11/341171.html,苏滁现代产业园
3.41E+11,11/341172.html,滁州经济技术开发区
3.41E+11,11/341181.html,天长市
3.41E+11,11/341182.html,明光市
3.41E+11,,市辖区
3.41E+11,12/341202.html,颍州区
3.41E+11,12/341203.html,颍东区
3.41E+11,12/341204.html,颍泉区
3.41E+11,12/341221.html,临泉县
3.41E+11,12/341222.html,太和县
3.41E+11,12/341225.html,阜南县
3.41E+11,12/341226.html,颍上县
3.41E+11,12/341271.html,阜阳合肥现代产业园区
3.41E+11,12/341272.html,阜阳经济技术开发区
3.41E+11,12/341282.html,界首市
3.41E+11,,市辖区
3.41E+11,13/341302.html,桥区
3.41E+11,13/341321.html,砀山县
3.41E+11,13/341322.html,萧县
3.41E+11,13/341323.html,灵璧县
3.41E+11,13/341324.html,泗县
3.41E+11,13/341371.html,宿州马鞍山现代产业园区
3.41E+11,13/341372.html,宿州经济技术开发区
3.42E+11,,市辖区
3.42E+11,15/341502.html,金安区
3.42E+11,15/341503.html,裕安区
3.42E+11,15/341504.html,叶集区
3.42E+11,15/341522.html,霍邱县
3.42E+11,15/341523.html,舒城县
3.42E+11,15/341524.html,金寨县
3.42E+11,15/341525.html,霍山县
3.42E+11,,市辖区
3.42E+11,16/341602.html,谯城区
3.42E+11,16/341621.html,涡阳县
3.42E+11,16/341622.html,蒙城县
3.42E+11,16/341623.html,利辛县
3.42E+11,,市辖区
3.42E+11,17/341702.html,贵池区
3.42E+11,17/341721.html,东至县
3.42E+11,17/341722.html,石台县
3.42E+11,17/341723.html,青阳县
3.42E+11,,市辖区
3.42E+11,18/341802.html,宣州区
3.42E+11,18/341821.html,郎溪县
3.42E+11,18/341822.html,广德县
3.42E+11,18/341823.html,泾县
3.42E+11,18/341824.html,绩溪县
3.42E+11,18/341825.html,旌德县
3.42E+11,18/341871.html,宣城市经济开发区
3.42E+11,18/341881.html,宁国市
3.50E+11,,市辖区
3.50E+11,01/350102.html,鼓楼区
3.50E+11,01/350103.html,台江区
3.50E+11,01/350104.html,仓山区
3.50E+11,01/350105.html,马尾区
3.50E+11,01/350111.html,晋安区
3.50E+11,01/350112.html,长乐区
3.50E+11,01/350121.html,闽侯县
3.50E+11,01/350122.html,连江县
3.50E+11,01/350123.html,罗源县
3.50E+11,01/350124.html,闽清县
3.50E+11,01/350125.html,永泰县
3.50E+11,01/350128.html,平潭县
3.50E+11,01/350181.html,福清市
3.50E+11,,市辖区
3.50E+11,02/350203.html,思明区
3.50E+11,02/350205.html,海沧区
3.50E+11,02/350206.html,湖里区
3.50E+11,02/350211.html,集美区
3.50E+11,02/350212.html,同安区
3.50E+11,02/350213.html,翔安区
3.50E+11,,市辖区
3.50E+11,03/350302.html,城厢区
3.50E+11,03/350303.html,涵江区
3.50E+11,03/350304.html,荔城区
3.50E+11,03/350305.html,秀屿区
3.50E+11,03/350322.html,仙游县
3.50E+11,,市辖区
3.50E+11,04/350402.html,梅列区
3.50E+11,04/350403.html,三元区
3.50E+11,04/350421.html,明溪县
3.50E+11,04/350423.html,清流县
3.50E+11,04/350424.html,宁化县
3.50E+11,04/350425.html,大田县
3.50E+11,04/350426.html,尤溪县
3.50E+11,04/350427.html,沙县
3.50E+11,04/350428.html,将乐县
3.50E+11,04/350429.html,泰宁县
3.50E+11,04/350430.html,建宁县
3.50E+11,04/350481.html,永安市
3.51E+11,,市辖区
3.51E+11,05/350502.html,鲤城区
3.51E+11,05/350503.html,丰泽区
3.51E+11,05/350504.html,洛江区
3.51E+11,05/350505.html,泉港区
3.51E+11,05/350521.html,惠安县
3.51E+11,05/350524.html,安溪县
3.51E+11,05/350525.html,永春县
3.51E+11,05/350526.html,德化县
3.51E+11,,金门县
3.51E+11,05/350581.html,石狮市
3.51E+11,05/350582.html,晋江市
3.51E+11,05/350583.html,南安市
3.51E+11,,市辖区
3.51E+11,06/350602.html,芗城区
3.51E+11,06/350603.html,龙文区
3.51E+11,06/350622.html,云霄县
3.51E+11,06/350623.html,漳浦县
3.51E+11,06/350624.html,诏安县
3.51E+11,06/350625.html,长泰县
3.51E+11,06/350626.html,东山县
3.51E+11,06/350627.html,南靖县
3.51E+11,06/350628.html,平和县
3.51E+11,06/350629.html,华安县
3.51E+11,06/350681.html,龙海市
3.51E+11,,市辖区
3.51E+11,07/350702.html,延平区
3.51E+11,07/350703.html,建阳区
3.51E+11,07/350721.html,顺昌县
3.51E+11,07/350722.html,浦城县
3.51E+11,07/350723.html,光泽县
3.51E+11,07/350724.html,松溪县
3.51E+11,07/350725.html,政和县
3.51E+11,07/350781.html,邵武市
3.51E+11,07/350782.html,武夷山市
3.51E+11,07/350783.html,建瓯市
3.51E+11,,市辖区
3.51E+11,08/350802.html,新罗区
3.51E+11,08/350803.html,永定区
3.51E+11,08/350821.html,长汀县
3.51E+11,08/350823.html,上杭县
3.51E+11,08/350824.html,武平县
3.51E+11,08/350825.html,连城县
3.51E+11,08/350881.html,漳平市
3.51E+11,,市辖区
3.51E+11,09/350902.html,蕉城区
3.51E+11,09/350921.html,霞浦县
3.51E+11,09/350922.html,古田县
3.51E+11,09/350923.html,屏南县
3.51E+11,09/350924.html,寿宁县
3.51E+11,09/350925.html,周宁县
3.51E+11,09/350926.html,柘荣县
3.51E+11,09/350981.html,福安市
3.51E+11,09/350982.html,福鼎市
3.60E+11,,市辖区
3.60E+11,01/360102.html,东湖区
3.60E+11,01/360103.html,西湖区
3.60E+11,01/360104.html,青云谱区
3.60E+11,01/360105.html,湾里区
3.60E+11,01/360111.html,青山湖区
3.60E+11,01/360112.html,新建区
3.60E+11,01/360121.html,南昌县
3.60E+11,01/360123.html,安义县
3.60E+11,01/360124.html,进贤县
3.60E+11,,市辖区
3.60E+11,02/360202.html,昌江区
3.60E+11,02/360203.html,珠山区
3.60E+11,02/360222.html,浮梁县
3.60E+11,02/360281.html,乐平市
3.60E+11,,市辖区
3.60E+11,03/360302.html,安源区
3.60E+11,03/360313.html,湘东区
3.60E+11,03/360321.html,莲花县
3.60E+11,03/360322.html,上栗县
3.60E+11,03/360323.html,芦溪县
3.60E+11,,市辖区
3.60E+11,04/360402.html,濂溪区
3.60E+11,04/360403.html,浔阳区
3.60E+11,04/360404.html,柴桑区
3.60E+11,04/360423.html,武宁县
3.60E+11,04/360424.html,修水县
3.60E+11,04/360425.html,永修县
3.60E+11,04/360426.html,德安县
3.60E+11,04/360428.html,都昌县
3.60E+11,04/360429.html,湖口县
3.60E+11,04/360430.html,彭泽县
3.60E+11,04/360481.html,瑞昌市
3.60E+11,04/360482.html,共青城市
3.60E+11,04/360483.html,庐山市
3.61E+11,,市辖区
3.61E+11,05/360502.html,渝水区
3.61E+11,05/360521.html,分宜县
3.61E+11,,市辖区
3.61E+11,06/360602.html,月湖区
3.61E+11,06/360603.html,余江区
3.61E+11,06/360681.html,贵溪市
3.61E+11,,市辖区
3.61E+11,07/360702.html,章贡区
3.61E+11,07/360703.html,南康区
3.61E+11,07/360704.html,赣县区
3.61E+11,07/360722.html,信丰县
3.61E+11,07/360723.html,大余县
3.61E+11,07/360724.html,上犹县
3.61E+11,07/360725.html,崇义县
3.61E+11,07/360726.html,安远县
3.61E+11,07/360727.html,龙南县
3.61E+11,07/360728.html,定南县
3.61E+11,07/360729.html,全南县
3.61E+11,07/360730.html,宁都县
3.61E+11,07/360731.html,于都县
3.61E+11,07/360732.html,兴国县
3.61E+11,07/360733.html,会昌县
3.61E+11,07/360734.html,寻乌县
3.61E+11,07/360735.html,石城县
3.61E+11,07/360781.html,瑞金市
3.61E+11,,市辖区
3.61E+11,08/360802.html,吉州区
3.61E+11,08/360803.html,青原区
3.61E+11,08/360821.html,吉安县
3.61E+11,08/360822.html,吉水县
3.61E+11,08/360823.html,峡江县
3.61E+11,08/360824.html,新干县
3.61E+11,08/360825.html,永丰县
3.61E+11,08/360826.html,泰和县
3.61E+11,08/360827.html,遂川县
3.61E+11,08/360828.html,万安县
3.61E+11,08/360829.html,安福县
3.61E+11,08/360830.html,永新县
3.61E+11,08/360881.html,井冈山市
3.61E+11,,市辖区
3.61E+11,09/360902.html,袁州区
3.61E+11,09/360921.html,奉新县
3.61E+11,09/360922.html,万载县
3.61E+11,09/360923.html,上高县
3.61E+11,09/360924.html,宜丰县
3.61E+11,09/360925.html,靖安县
3.61E+11,09/360926.html,铜鼓县
3.61E+11,09/360981.html,丰城市
3.61E+11,09/360982.html,樟树市
3.61E+11,09/360983.html,高安市
3.61E+11,,市辖区
3.61E+11,10/361002.html,临川区
3.61E+11,10/361003.html,东乡区
3.61E+11,10/361021.html,南城县
3.61E+11,10/361022.html,黎川县
3.61E+11,10/361023.html,南丰县
3.61E+11,10/361024.html,崇仁县
3.61E+11,10/361025.html,乐安县
3.61E+11,10/361026.html,宜黄县
3.61E+11,10/361027.html,金溪县
3.61E+11,10/361028.html,资溪县
3.61E+11,10/361030.html,广昌县
3.61E+11,,市辖区
3.61E+11,11/361102.html,信州区
3.61E+11,11/361103.html,广丰区
3.61E+11,11/361121.html,上饶县
3.61E+11,11/361123.html,玉山县
3.61E+11,11/361124.html,铅山县
3.61E+11,11/361125.html,横峰县
3.61E+11,11/361126.html,弋阳县
3.61E+11,11/361127.html,余干县
3.61E+11,11/361128.html,鄱阳县
3.61E+11,11/361129.html,万年县
3.61E+11,11/361130.html,婺源县
3.61E+11,11/361181.html,德兴市
3.70E+11,,市辖区
3.70E+11,01/370102.html,历下区
3.70E+11,01/370103.html,市中区
3.70E+11,01/370104.html,槐荫区
3.70E+11,01/370105.html,天桥区
3.70E+11,01/370112.html,历城区
3.70E+11,01/370113.html,长清区
3.70E+11,01/370114.html,章丘区
3.70E+11,01/370115.html,济阳区
3.70E+11,01/370124.html,平阴县
3.70E+11,01/370126.html,商河县
3.70E+11,01/370171.html,济南高新技术产业开发区
3.70E+11,,市辖区
3.70E+11,02/370202.html,市南区
3.70E+11,02/370203.html,市北区
3.70E+11,02/370211.html,黄岛区
3.70E+11,02/370212.html,崂山区
3.70E+11,02/370213.html,李沧区
3.70E+11,02/370214.html,城阳区
3.70E+11,02/370215.html,即墨区
3.70E+11,02/370271.html,青岛高新技术产业开发区
3.70E+11,02/370281.html,胶州市
3.70E+11,02/370283.html,平度市
3.70E+11,02/370285.html,莱西市
3.70E+11,,市辖区
3.70E+11,03/370302.html,淄川区
3.70E+11,03/370303.html,张店区
3.70E+11,03/370304.html,博山区
3.70E+11,03/370305.html,临淄区
3.70E+11,03/370306.html,周村区
3.70E+11,03/370321.html,桓台县
3.70E+11,03/370322.html,高青县
3.70E+11,03/370323.html,沂源县
3.70E+11,,市辖区
3.70E+11,04/370402.html,市中区
3.70E+11,04/370403.html,薛城区
3.70E+11,04/370404.html,峄城区
3.70E+11,04/370405.html,台儿庄区
3.70E+11,04/370406.html,山亭区
3.70E+11,04/370481.html,滕州市
3.71E+11,,市辖区
3.71E+11,05/370502.html,东营区
3.71E+11,05/370503.html,河口区
3.71E+11,05/370505.html,垦利区
3.71E+11,05/370522.html,利津县
3.71E+11,05/370523.html,广饶县
3.71E+11,05/370571.html,东营经济技术开发区
3.71E+11,05/370572.html,东营港经济开发区
3.71E+11,,市辖区
3.71E+11,06/370602.html,芝罘区
3.71E+11,06/370611.html,福山区
3.71E+11,06/370612.html,牟平区
3.71E+11,06/370613.html,莱山区
3.71E+11,06/370634.html,长岛县
3.71E+11,06/370671.html,烟台高新技术产业开发区
3.71E+11,06/370672.html,烟台经济技术开发区
3.71E+11,06/370681.html,龙口市
3.71E+11,06/370682.html,莱阳市
3.71E+11,06/370683.html,莱州市
3.71E+11,06/370684.html,蓬莱市
3.71E+11,06/370685.html,招远市
3.71E+11,06/370686.html,栖霞市
3.71E+11,06/370687.html,海阳市
3.71E+11,,市辖区
3.71E+11,07/370702.html,潍城区
3.71E+11,07/370703.html,寒亭区
3.71E+11,07/370704.html,坊子区
3.71E+11,07/370705.html,奎文区
3.71E+11,07/370724.html,临朐县
3.71E+11,07/370725.html,昌乐县
3.71E+11,07/370772.html,潍坊滨海经济技术开发区
3.71E+11,07/370781.html,青州市
3.71E+11,07/370782.html,诸城市
3.71E+11,07/370783.html,寿光市
3.71E+11,07/370784.html,安丘市
3.71E+11,07/370785.html,高密市
3.71E+11,07/370786.html,昌邑市
3.71E+11,,市辖区
3.71E+11,08/370811.html,任城区
3.71E+11,08/370812.html,兖州区
3.71E+11,08/370826.html,微山县
3.71E+11,08/370827.html,鱼台县
3.71E+11,08/370828.html,金乡县
3.71E+11,08/370829.html,嘉祥县
3.71E+11,08/370830.html,汶上县
3.71E+11,08/370831.html,泗水县
3.71E+11,08/370832.html,梁山县
3.71E+11,08/370871.html,济宁高新技术产业开发区
3.71E+11,08/370881.html,曲阜市
3.71E+11,08/370883.html,邹城市
3.71E+11,,市辖区
3.71E+11,09/370902.html,泰山区
3.71E+11,09/370911.html,岱岳区
3.71E+11,09/370921.html,宁阳县
3.71E+11,09/370923.html,东平县
3.71E+11,09/370982.html,新泰市
3.71E+11,09/370983.html,肥城市
3.71E+11,,市辖区
3.71E+11,10/371002.html,环翠区
3.71E+11,10/371003.html,文登区
3.71E+11,10/371071.html,威海火炬高技术产业开发区
3.71E+11,10/371072.html,威海经济技术开发区
3.71E+11,10/371073.html,威海临港经济技术开发区
3.71E+11,10/371082.html,荣成市
3.71E+11,10/371083.html,乳山市
3.71E+11,,市辖区
3.71E+11,11/371102.html,东港区
3.71E+11,11/371103.html,岚山区
3.71E+11,11/371121.html,五莲县
3.71E+11,11/371122.html,莒县
3.71E+11,11/371171.html,日照经济技术开发区
3.71E+11,,市辖区
3.71E+11,12/371202.html,莱城区
3.71E+11,12/371203.html,钢城区
3.71E+11,,市辖区
3.71E+11,13/371302.html,兰山区
3.71E+11,13/371311.html,罗庄区
3.71E+11,13/371312.html,河东区
3.71E+11,13/371321.html,沂南县
3.71E+11,13/371322.html,郯城县
3.71E+11,13/371323.html,沂水县
3.71E+11,13/371324.html,兰陵县
3.71E+11,13/371325.html,费县
3.71E+11,13/371326.html,平邑县
3.71E+11,13/371327.html,莒南县
3.71E+11,13/371328.html,蒙阴县
3.71E+11,13/371329.html,临沭县
3.71E+11,13/371371.html,临沂高新技术产业开发区
3.71E+11,13/371372.html,临沂经济技术开发区
3.71E+11,13/371373.html,临沂临港经济开发区
3.71E+11,,市辖区
3.71E+11,14/371402.html,德城区
3.71E+11,14/371403.html,陵城区
3.71E+11,14/371422.html,宁津县
3.71E+11,14/371423.html,庆云县
3.71E+11,14/371424.html,临邑县
3.71E+11,14/371425.html,齐河县
3.71E+11,14/371426.html,平原县
3.71E+11,14/371427.html,夏津县
3.71E+11,14/371428.html,武城县
3.71E+11,14/371471.html,德州经济技术开发区
3.71E+11,14/371472.html,德州运河经济开发区
3.71E+11,14/371481.html,乐陵市
3.71E+11,14/371482.html,禹城市
3.72E+11,,市辖区
3.72E+11,15/371502.html,东昌府区
3.72E+11,15/371521.html,阳谷县
3.72E+11,15/371522.html,莘县
3.72E+11,15/371523.html,茌平县
3.72E+11,15/371524.html,东阿县
3.72E+11,15/371525.html,冠县
3.72E+11,15/371526.html,高唐县
3.72E+11,15/371581.html,临清市
3.72E+11,,市辖区
3.72E+11,16/371602.html,滨城区
3.72E+11,16/371603.html,沾化区
3.72E+11,16/371621.html,惠民县
3.72E+11,16/371622.html,阳信县
3.72E+11,16/371623.html,无棣县
3.72E+11,16/371625.html,博兴县
3.72E+11,16/371681.html,邹平市
3.72E+11,,市辖区
3.72E+11,17/371702.html,牡丹区
3.72E+11,17/371703.html,定陶区
3.72E+11,17/371721.html,曹县
3.72E+11,17/371722.html,单县
3.72E+11,17/371723.html,成武县
3.72E+11,17/371724.html,巨野县
3.72E+11,17/371725.html,郓城县
3.72E+11,17/371726.html,鄄城县
3.72E+11,17/371728.html,东明县
3.72E+11,17/371771.html,菏泽经济技术开发区
3.72E+11,17/371772.html,菏泽高新技术开发区
4.10E+11,,市辖区
4.10E+11,01/410102.html,中原区
4.10E+11,01/410103.html,二七区
4.10E+11,01/410104.html,管城回族区
4.10E+11,01/410105.html,金水区
4.10E+11,01/410106.html,上街区
4.10E+11,01/410108.html,惠济区
4.10E+11,01/410122.html,中牟县
4.10E+11,01/410171.html,郑州经济技术开发区
4.10E+11,01/410172.html,郑州高新技术产业开发区
4.10E+11,01/410173.html,郑州航空港经济综合实验区
4.10E+11,01/410181.html,巩义市
4.10E+11,01/410182.html,荥阳市
4.10E+11,01/410183.html,新密市
4.10E+11,01/410184.html,新郑市
4.10E+11,01/410185.html,登封市
4.10E+11,,市辖区
4.10E+11,02/410202.html,龙亭区
4.10E+11,02/410203.html,顺河回族区
4.10E+11,02/410204.html,鼓楼区
4.10E+11,02/410205.html,禹王台区
4.10E+11,02/410212.html,祥符区
4.10E+11,02/410221.html,杞县
4.10E+11,02/410222.html,通许县
4.10E+11,02/410223.html,尉氏县
4.10E+11,02/410225.html,兰考县
4.10E+11,,市辖区
4.10E+11,03/410302.html,老城区
4.10E+11,03/410303.html,西工区
4.10E+11,03/410304.html,e河回族区
4.10E+11,03/410305.html,涧西区
4.10E+11,03/410306.html,吉利区
4.10E+11,03/410311.html,洛龙区
4.10E+11,03/410322.html,孟津县
4.10E+11,03/410323.html,新安县
4.10E+11,03/410324.html,栾川县
4.10E+11,03/410325.html,嵩县
4.10E+11,03/410326.html,汝阳县
4.10E+11,03/410327.html,宜阳县
4.10E+11,03/410328.html,洛宁县
4.10E+11,03/410329.html,伊川县
4.10E+11,03/410371.html,洛阳高新技术产业开发区
4.10E+11,03/410381.html,偃师市
4.10E+11,,市辖区
4.10E+11,04/410402.html,新华区
4.10E+11,04/410403.html,卫东区
4.10E+11,04/410404.html,石龙区
4.10E+11,04/410411.html,湛河区
4.10E+11,04/410421.html,宝丰县
4.10E+11,04/410422.html,叶县
4.10E+11,04/410423.html,鲁山县
4.10E+11,04/410425.html,郏县
4.10E+11,04/410471.html,平顶山高新技术产业开发区
4.10E+11,04/410472.html,平顶山市新城区
4.10E+11,04/410481.html,舞钢市
4.10E+11,04/410482.html,汝州市
4.11E+11,,市辖区
4.11E+11,05/410502.html,文峰区
4.11E+11,05/410503.html,北关区
4.11E+11,05/410505.html,殷都区
4.11E+11,05/410506.html,龙安区
4.11E+11,05/410522.html,安阳县
4.11E+11,05/410523.html,汤阴县
4.11E+11,05/410526.html,滑县
4.11E+11,05/410527.html,内黄县
4.11E+11,05/410571.html,安阳高新技术产业开发区
4.11E+11,05/410581.html,林州市
4.11E+11,,市辖区
4.11E+11,06/410602.html,鹤山区
4.11E+11,06/410603.html,山城区
4.11E+11,06/410611.html,淇滨区
4.11E+11,06/410621.html,浚县
4.11E+11,06/410622.html,淇县
4.11E+11,06/410671.html,鹤壁经济技术开发区
4.11E+11,,市辖区
4.11E+11,07/410702.html,红旗区
4.11E+11,07/410703.html,卫滨区
4.11E+11,07/410704.html,凤泉区
4.11E+11,07/410711.html,牧野区
4.11E+11,07/410721.html,新乡县
4.11E+11,07/410724.html,获嘉县
4.11E+11,07/410725.html,原阳县
4.11E+11,07/410726.html,延津县
4.11E+11,07/410727.html,封丘县
4.11E+11,07/410728.html,长垣县
4.11E+11,07/410771.html,新乡高新技术产业开发区
4.11E+11,07/410772.html,新乡经济技术开发区
4.11E+11,07/410773.html,新乡市平原城乡一体化示范区
4.11E+11,07/410781.html,卫辉市
4.11E+11,07/410782.html,辉县市
4.11E+11,,市辖区
4.11E+11,08/410802.html,解放区
4.11E+11,08/410803.html,中站区
4.11E+11,08/410804.html,马村区
4.11E+11,08/410811.html,山阳区
4.11E+11,08/410821.html,修武县
4.11E+11,08/410822.html,博爱县
4.11E+11,08/410823.html,武陟县
4.11E+11,08/410825.html,温县
4.11E+11,08/410871.html,焦作城乡一体化示范区
4.11E+11,08/410882.html,沁阳市
4.11E+11,08/410883.html,孟州市
4.11E+11,,市辖区
4.11E+11,09/410902.html,华龙区
4.11E+11,09/410922.html,清丰县
4.11E+11,09/410923.html,南乐县
4.11E+11,09/410926.html,范县
4.11E+11,09/410927.html,台前县
4.11E+11,09/410928.html,濮阳县
4.11E+11,09/410971.html,河南濮阳工业园区
4.11E+11,09/410972.html,濮阳经济技术开发区
4.11E+11,,市辖区
4.11E+11,10/411002.html,魏都区
4.11E+11,10/411003.html,建安区
4.11E+11,10/411024.html,鄢陵县
4.11E+11,10/411025.html,襄城县
4.11E+11,10/411071.html,许昌经济技术开发区
4.11E+11,10/411081.html,禹州市
4.11E+11,10/411082.html,长葛市
4.11E+11,,市辖区
4.11E+11,11/411102.html,源汇区
4.11E+11,11/411103.html,郾城区
4.11E+11,11/411104.html,召陵区
4.11E+11,11/411121.html,舞阳县
4.11E+11,11/411122.html,临颍县
4.11E+11,11/411171.html,漯河经济技术开发区
4.11E+11,,市辖区
4.11E+11,12/411202.html,湖滨区
4.11E+11,12/411203.html,陕州区
4.11E+11,12/411221.html,渑池县
4.11E+11,12/411224.html,卢氏县
4.11E+11,12/411271.html,河南三门峡经济开发区
4.11E+11,12/411281.html,义马市
4.11E+11,12/411282.html,灵宝市
4.11E+11,,市辖区
4.11E+11,13/411302.html,宛城区
4.11E+11,13/411303.html,卧龙区
4.11E+11,13/411321.html,南召县
4.11E+11,13/411322.html,方城县
4.11E+11,13/411323.html,西峡县
4.11E+11,13/411324.html,镇平县
4.11E+11,13/411325.html,内乡县
4.11E+11,13/411326.html,淅川县
4.11E+11,13/411327.html,社旗县
4.11E+11,13/411328.html,唐河县
4.11E+11,13/411329.html,新野县
4.11E+11,13/411330.html,桐柏县
4.11E+11,13/411371.html,南阳高新技术产业开发区
4.11E+11,13/411372.html,南阳市城乡一体化示范区
4.11E+11,13/411381.html,邓州市
4.11E+11,,市辖区
4.11E+11,14/411402.html,梁园区
4.11E+11,14/411403.html,睢阳区
4.11E+11,14/411421.html,民权县
4.11E+11,14/411422.html,睢县
4.11E+11,14/411423.html,宁陵县
4.11E+11,14/411424.html,柘城县
4.11E+11,14/411425.html,虞城县
4.11E+11,14/411426.html,夏邑县
4.11E+11,14/411471.html,豫东综合物流产业聚集区
4.11E+11,14/411472.html,河南商丘经济开发区
4.11E+11,14/411481.html,永城市
4.12E+11,,市辖区
4.12E+11,15/411502.html,负忧
4.12E+11,15/411503.html,平桥区
4.12E+11,15/411521.html,罗山县
4.12E+11,15/411522.html,光山县
4.12E+11,15/411523.html,新县
4.12E+11,15/411524.html,商城县
4.12E+11,15/411525.html,固始县
4.12E+11,15/411526.html,潢川县
4.12E+11,15/411527.html,淮滨县
4.12E+11,15/411528.html,息县
4.12E+11,15/411571.html,信阳高新技术产业开发区
4.12E+11,,市辖区
4.12E+11,16/411602.html,川汇区
4.12E+11,16/411621.html,扶沟县
4.12E+11,16/411622.html,西华县
4.12E+11,16/411623.html,商水县
4.12E+11,16/411624.html,沈丘县
4.12E+11,16/411625.html,郸城县
4.12E+11,16/411626.html,淮阳县
4.12E+11,16/411627.html,太康县
4.12E+11,16/411628.html,鹿邑县
4.12E+11,16/411671.html,河南周口经济开发区
4.12E+11,16/411681.html,项城市
4.12E+11,,市辖区
4.12E+11,17/411702.html,驿城区
4.12E+11,17/411721.html,西平县
4.12E+11,17/411722.html,上蔡县
4.12E+11,17/411723.html,平舆县
4.12E+11,17/411724.html,正阳县
4.12E+11,17/411725.html,确山县
4.12E+11,17/411726.html,泌阳县
4.12E+11,17/411727.html,汝南县
4.12E+11,17/411728.html,遂平县
4.12E+11,17/411729.html,新蔡县
4.12E+11,17/411771.html,河南驻马店经济开发区
4.19E+11,90/419001.html,济源市
4.20E+11,,市辖区
4.20E+11,01/420102.html,江岸区
4.20E+11,01/420103.html,江汉区
4.20E+11,01/420104.html,~口区
4.20E+11,01/420105.html,汉阳区
4.20E+11,01/420106.html,武昌区
4.20E+11,01/420107.html,青山区
4.20E+11,01/420111.html,洪山区
4.20E+11,01/420112.html,东西湖区
4.20E+11,01/420113.html,汉南区
4.20E+11,01/420114.html,蔡甸区
4.20E+11,01/420115.html,江夏区
4.20E+11,01/420116.html,黄陂区
4.20E+11,01/420117.html,新洲区
4.20E+11,,市辖区
4.20E+11,02/420202.html,黄石港区
4.20E+11,02/420203.html,西塞山区
4.20E+11,02/420204.html,下陆区
4.20E+11,02/420205.html,铁山区
4.20E+11,02/420222.html,阳新县
4.20E+11,02/420281.html,大冶市
4.20E+11,,市辖区
4.20E+11,03/420302.html,茅箭区
4.20E+11,03/420303.html,张湾区
4.20E+11,03/420304.html,郧阳区
4.20E+11,03/420322.html,郧西县
4.20E+11,03/420323.html,竹山县
4.20E+11,03/420324.html,竹溪县
4.20E+11,03/420325.html,房县
4.20E+11,03/420381.html,丹江口市
4.21E+11,,市辖区
4.21E+11,05/420502.html,西陵区
4.21E+11,05/420503.html,伍家岗区
4.21E+11,05/420504.html,点军区
4.21E+11,05/420505.html,V亭区
4.21E+11,05/420506.html,夷陵区
4.21E+11,05/420525.html,远安县
4.21E+11,05/420526.html,兴山县
4.21E+11,05/420527.html,秭归县
4.21E+11,05/420528.html,长阳土家族自治县
4.21E+11,05/420529.html,五峰土家族自治县
4.21E+11,05/420581.html,宜都市
4.21E+11,05/420582.html,当阳市
4.21E+11,05/420583.html,枝江市
4.21E+11,,市辖区
4.21E+11,06/420602.html,襄城区
4.21E+11,06/420606.html,樊城区
4.21E+11,06/420607.html,襄州区
4.21E+11,06/420624.html,南漳县
4.21E+11,06/420625.html,谷城县
4.21E+11,06/420626.html,保康县
4.21E+11,06/420682.html,老河口市
4.21E+11,06/420683.html,枣阳市
4.21E+11,06/420684.html,宜城市
4.21E+11,,市辖区
4.21E+11,07/420702.html,梁子湖区
4.21E+11,07/420703.html,华容区
4.21E+11,07/420704.html,鄂城区
4.21E+11,,市辖区
4.21E+11,08/420802.html,东宝区
4.21E+11,08/420804.html,掇刀区
4.21E+11,08/420822.html,沙洋县
4.21E+11,08/420881.html,钟祥市
4.21E+11,08/420882.html,京山市
4.21E+11,,市辖区
4.21E+11,09/420902.html,孝南区
4.21E+11,09/420921.html,孝昌县
4.21E+11,09/420922.html,大悟县
4.21E+11,09/420923.html,云梦县
4.21E+11,09/420981.html,应城市
4.21E+11,09/420982.html,安陆市
4.21E+11,09/420984.html,汉川市
4.21E+11,,市辖区
4.21E+11,10/421002.html,沙市区
4.21E+11,10/421003.html,荆州区
4.21E+11,10/421022.html,公安县
4.21E+11,10/421023.html,监利县
4.21E+11,10/421024.html,江陵县
4.21E+11,10/421071.html,荆州经济技术开发区
4.21E+11,10/421081.html,石首市
4.21E+11,10/421083.html,洪湖市
4.21E+11,10/421087.html,松滋市
4.21E+11,,市辖区
4.21E+11,11/421102.html,黄州区
4.21E+11,11/421121.html,团风县
4.21E+11,11/421122.html,红安县
4.21E+11,11/421123.html,罗田县
4.21E+11,11/421124.html,英山县
4.21E+11,11/421125.html,浠水县
4.21E+11,11/421126.html,蕲春县
4.21E+11,11/421127.html,黄梅县
4.21E+11,11/421171.html,龙感湖管理区
4.21E+11,11/421181.html,麻城市
4.21E+11,11/421182.html,武穴市
4.21E+11,,市辖区
4.21E+11,12/421202.html,咸安区
4.21E+11,12/421221.html,嘉鱼县
4.21E+11,12/421222.html,通城县
4.21E+11,12/421223.html,崇阳县
4.21E+11,12/421224.html,通山县
4.21E+11,12/421281.html,赤壁市
4.21E+11,,市辖区
4.21E+11,13/421303.html,曾都区
4.21E+11,13/421321.html,随县
4.21E+11,13/421381.html,广水市
4.23E+11,28/422801.html,恩施市
4.23E+11,28/422802.html,利川市
4.23E+11,28/422822.html,建始县
4.23E+11,28/422823.html,巴东县
4.23E+11,28/422825.html,宣恩县
4.23E+11,28/422826.html,咸丰县
4.23E+11,28/422827.html,来凤县
4.23E+11,28/422828.html,鹤峰县
4.29E+11,90/429004.html,仙桃市
4.29E+11,90/429005.html,潜江市
4.29E+11,90/429006.html,天门市
4.29E+11,90/429021.html,神农架林区
4.30E+11,,市辖区
4.30E+11,01/430102.html,芙蓉区
4.30E+11,01/430103.html,天心区
4.30E+11,01/430104.html,岳麓区
4.30E+11,01/430105.html,开福区
4.30E+11,01/430111.html,雨花区
4.30E+11,01/430112.html,望城区
4.30E+11,01/430121.html,长沙县
4.30E+11,01/430181.html,浏阳市
4.30E+11,01/430182.html,宁乡市
4.30E+11,,市辖区
4.30E+11,02/430202.html,荷塘区
4.30E+11,02/430203.html,芦淞区
4.30E+11,02/430204.html,石峰区
4.30E+11,02/430211.html,天元区
4.30E+11,02/430212.html,渌口区
4.30E+11,02/430223.html,攸县
4.30E+11,02/430224.html,茶陵县
4.30E+11,02/430225.html,炎陵县
4.30E+11,02/430271.html,云龙示范区
4.30E+11,02/430281.html,醴陵市
4.30E+11,,市辖区
4.30E+11,03/430302.html,雨湖区
4.30E+11,03/430304.html,岳塘区
4.30E+11,03/430321.html,湘潭县
4.30E+11,03/430371.html,湖南湘潭高新技术产业园区
4.30E+11,03/430372.html,湘潭昭山示范区
4.30E+11,03/430373.html,湘潭九华示范区
4.30E+11,03/430381.html,湘乡市
4.30E+11,03/430382.html,韶山市
4.30E+11,,市辖区
4.30E+11,04/430405.html,珠晖区
4.30E+11,04/430406.html,雁峰区
4.30E+11,04/430407.html,石鼓区
4.30E+11,04/430408.html,蒸湘区
4.30E+11,04/430412.html,南岳区
4.30E+11,04/430421.html,衡阳县
4.30E+11,04/430422.html,衡南县
4.30E+11,04/430423.html,衡山县
4.30E+11,04/430424.html,衡东县
4.30E+11,04/430426.html,祁东县
4.30E+11,04/430471.html,衡阳综合保税区
4.30E+11,04/430472.html,湖南衡阳高新技术产业园区
4.30E+11,04/430473.html,湖南衡阳松木经济开发区
4.30E+11,04/430481.html,耒阳市
4.30E+11,04/430482.html,常宁市
4.31E+11,,市辖区
4.31E+11,05/430502.html,双清区
4.31E+11,05/430503.html,大祥区
4.31E+11,05/430511.html,北塔区
4.31E+11,05/430521.html,邵东县
4.31E+11,05/430522.html,新邵县
4.31E+11,05/430523.html,邵阳县
4.31E+11,05/430524.html,隆回县
4.31E+11,05/430525.html,洞口县
4.31E+11,05/430527.html,绥宁县
4.31E+11,05/430528.html,新宁县
4.31E+11,05/430529.html,城步苗族自治县
4.31E+11,05/430581.html,武冈市
4.31E+11,,市辖区
4.31E+11,06/430602.html,岳阳楼区
4.31E+11,06/430603.html,云溪区
4.31E+11,06/430611.html,君山区
4.31E+11,06/430621.html,岳阳县
4.31E+11,06/430623.html,华容县
4.31E+11,06/430624.html,湘阴县
4.31E+11,06/430626.html,平江县
4.31E+11,06/430671.html,岳阳市屈原管理区
4.31E+11,06/430681.html,汨罗市
4.31E+11,06/430682.html,临湘市
4.31E+11,,市辖区
4.31E+11,07/430702.html,武陵区
4.31E+11,07/430703.html,鼎城区
4.31E+11,07/430721.html,安乡县
4.31E+11,07/430722.html,汉寿县
4.31E+11,07/430723.html,澧县
4.31E+11,07/430724.html,临澧县
4.31E+11,07/430725.html,桃源县
4.31E+11,07/430726.html,石门县
4.31E+11,07/430771.html,常德市西洞庭管理区
4.31E+11,07/430781.html,津市市
4.31E+11,,市辖区
4.31E+11,08/430802.html,永定区
4.31E+11,08/430811.html,武陵源区
4.31E+11,08/430821.html,慈利县
4.31E+11,08/430822.html,桑植县
4.31E+11,,市辖区
4.31E+11,09/430902.html,资阳区
4.31E+11,09/430903.html,赫山区
4.31E+11,09/430921.html,南县
4.31E+11,09/430922.html,桃江县
4.31E+11,09/430923.html,安化县
4.31E+11,09/430971.html,益阳市大通湖管理区
4.31E+11,09/430972.html,湖南益阳高新技术产业园区
4.31E+11,09/430981.html,沅江市
4.31E+11,,市辖区
4.31E+11,10/431002.html,北湖区
4.31E+11,10/431003.html,苏仙区
4.31E+11,10/431021.html,桂阳县
4.31E+11,10/431022.html,宜章县
4.31E+11,10/431023.html,永兴县
4.31E+11,10/431024.html,嘉禾县
4.31E+11,10/431025.html,临武县
4.31E+11,10/431026.html,汝城县
4.31E+11,10/431027.html,桂东县
4.31E+11,10/431028.html,安仁县
4.31E+11,10/431081.html,资兴市
4.31E+11,,市辖区
4.31E+11,11/431102.html,零陵区
4.31E+11,11/431103.html,冷水滩区
4.31E+11,11/431121.html,祁阳县
4.31E+11,11/431122.html,东安县
4.31E+11,11/431123.html,双牌县
4.31E+11,11/431124.html,道县
4.31E+11,11/431125.html,江永县
4.31E+11,11/431126.html,宁远县
4.31E+11,11/431127.html,蓝山县
4.31E+11,11/431128.html,新田县
4.31E+11,11/431129.html,江华瑶族自治县
4.31E+11,11/431171.html,永州经济技术开发区
4.31E+11,11/431172.html,永州市金洞管理区
4.31E+11,11/431173.html,永州市回龙圩管理区
4.31E+11,,市辖区
4.31E+11,12/431202.html,鹤城区
4.31E+11,12/431221.html,中方县
4.31E+11,12/431222.html,沅陵县
4.31E+11,12/431223.html,辰溪县
4.31E+11,12/431224.html,溆浦县
4.31E+11,12/431225.html,会同县
4.31E+11,12/431226.html,麻阳苗族自治县
4.31E+11,12/431227.html,新晃侗族自治县
4.31E+11,12/431228.html,芷江侗族自治县
4.31E+11,12/431229.html,靖州苗族侗族自治县
4.31E+11,12/431230.html,通道侗族自治县
4.31E+11,12/431271.html,怀化市洪江管理区
4.31E+11,12/431281.html,洪江市
4.31E+11,,市辖区
4.31E+11,13/431302.html,娄星区
4.31E+11,13/431321.html,双峰县
4.31E+11,13/431322.html,新化县
4.31E+11,13/431381.html,冷水江市
4.31E+11,13/431382.html,涟源市
4.33E+11,31/433101.html,吉首市
4.33E+11,31/433122.html,泸溪县
4.33E+11,31/433123.html,凤凰县
4.33E+11,31/433124.html,花垣县
4.33E+11,31/433125.html,保靖县
4.33E+11,31/433126.html,古丈县
4.33E+11,31/433127.html,永顺县
4.33E+11,31/433130.html,龙山县
4.33E+11,31/433172.html,湖南吉首经济开发区
4.33E+11,31/433173.html,湖南永顺经济开发区
4.40E+11,,市辖区
4.40E+11,01/440103.html,荔湾区
4.40E+11,01/440104.html,越秀区
4.40E+11,01/440105.html,海珠区
4.40E+11,01/440106.html,天河区
4.40E+11,01/440111.html,白云区
4.40E+11,01/440112.html,黄埔区
4.40E+11,01/440113.html,番禺区
4.40E+11,01/440114.html,花都区
4.40E+11,01/440115.html,南沙区
4.40E+11,01/440117.html,从化区
4.40E+11,01/440118.html,增城区
4.40E+11,,市辖区
4.40E+11,02/440203.html,武江区
4.40E+11,02/440204.html,浈江区
4.40E+11,02/440205.html,曲江区
4.40E+11,02/440222.html,始兴县
4.40E+11,02/440224.html,仁化县
4.40E+11,02/440229.html,翁源县
4.40E+11,02/440232.html,乳源瑶族自治县
4.40E+11,02/440233.html,新丰县
4.40E+11,02/440281.html,乐昌市
4.40E+11,02/440282.html,南雄市
4.40E+11,,市辖区
4.40E+11,03/440303.html,罗湖区
4.40E+11,03/440304.html,福田区
4.40E+11,03/440305.html,南山区
4.40E+11,03/440306.html,宝安区
4.40E+11,03/440307.html,龙岗区
4.40E+11,03/440308.html,盐田区
4.40E+11,03/440309.html,龙华区
4.40E+11,03/440310.html,坪山区
4.40E+11,03/440311.html,光明区
4.40E+11,,市辖区
4.40E+11,04/440402.html,香洲区
4.40E+11,04/440403.html,斗门区
4.40E+11,04/440404.html,金湾区
4.41E+11,,市辖区
4.41E+11,05/440507.html,龙湖区
4.41E+11,05/440511.html,金平区
4.41E+11,05/440512.html,濠江区
4.41E+11,05/440513.html,潮阳区
4.41E+11,05/440514.html,潮南区
4.41E+11,05/440515.html,澄海区
4.41E+11,05/440523.html,南澳县
4.41E+11,,市辖区
4.41E+11,06/440604.html,禅城区
4.41E+11,06/440605.html,南海区
4.41E+11,06/440606.html,顺德区
4.41E+11,06/440607.html,三水区
4.41E+11,06/440608.html,高明区
4.41E+11,,市辖区
4.41E+11,07/440703.html,蓬江区
4.41E+11,07/440704.html,江海区
4.41E+11,07/440705.html,新会区
4.41E+11,07/440781.html,台山市
4.41E+11,07/440783.html,开平市
4.41E+11,07/440784.html,鹤山市
4.41E+11,07/440785.html,恩平市
4.41E+11,,市辖区
4.41E+11,08/440802.html,赤坎区
4.41E+11,08/440803.html,霞山区
4.41E+11,08/440804.html,坡头区
4.41E+11,08/440811.html,麻章区
4.41E+11,08/440823.html,遂溪县
4.41E+11,08/440825.html,徐闻县
4.41E+11,08/440881.html,廉江市
4.41E+11,08/440882.html,雷州市
4.41E+11,08/440883.html,吴川市
4.41E+11,,市辖区
4.41E+11,09/440902.html,茂南区
4.41E+11,09/440904.html,电白区
4.41E+11,09/440981.html,高州市
4.41E+11,09/440982.html,化州市
4.41E+11,09/440983.html,信宜市
4.41E+11,,市辖区
4.41E+11,12/441202.html,端州区
4.41E+11,12/441203.html,鼎湖区
4.41E+11,12/441204.html,高要区
4.41E+11,12/441223.html,广宁县
4.41E+11,12/441224.html,怀集县
4.41E+11,12/441225.html,封开县
4.41E+11,12/441226.html,德庆县
4.41E+11,12/441284.html,四会市
4.41E+11,,市辖区
4.41E+11,13/441302.html,惠城区
4.41E+11,13/441303.html,惠阳区
4.41E+11,13/441322.html,博罗县
4.41E+11,13/441323.html,惠东县
4.41E+11,13/441324.html,龙门县
4.41E+11,,市辖区
4.41E+11,14/441402.html,梅江区
4.41E+11,14/441403.html,梅县区
4.41E+11,14/441422.html,大埔县
4.41E+11,14/441423.html,丰顺县
4.41E+11,14/441424.html,五华县
4.41E+11,14/441426.html,平远县
4.41E+11,14/441427.html,蕉岭县
4.41E+11,14/441481.html,兴宁市
4.42E+11,,市辖区
4.42E+11,15/441502.html,城区
4.42E+11,15/441521.html,海丰县
4.42E+11,15/441523.html,陆河县
4.42E+11,15/441581.html,陆丰市
4.42E+11,,市辖区
4.42E+11,16/441602.html,源城区
4.42E+11,16/441621.html,紫金县
4.42E+11,16/441622.html,龙川县
4.42E+11,16/441623.html,连平县
4.42E+11,16/441624.html,和平县
4.42E+11,16/441625.html,东源县
4.42E+11,,市辖区
4.42E+11,17/441702.html,江城区
4.42E+11,17/441704.html,阳东区
4.42E+11,17/441721.html,阳西县
4.42E+11,17/441781.html,阳春市
4.42E+11,,市辖区
4.42E+11,18/441802.html,清城区
4.42E+11,18/441803.html,清新区
4.42E+11,18/441821.html,佛冈县
4.42E+11,18/441823.html,阳山县
4.42E+11,18/441825.html,连山壮族瑶族自治县
4.42E+11,18/441826.html,连南瑶族自治县
4.42E+11,18/441881.html,英德市
4.42E+11,18/441882.html,连州市
4.45E+11,,市辖区
4.45E+11,51/445102.html,湘桥区
4.45E+11,51/445103.html,潮安区
4.45E+11,51/445122.html,饶平县
4.45E+11,,市辖区
4.45E+11,52/445202.html,榕城区
4.45E+11,52/445203.html,揭东区
4.45E+11,52/445222.html,揭西县
4.45E+11,52/445224.html,惠来县
4.45E+11,52/445281.html,普宁市
4.45E+11,,市辖区
4.45E+11,53/445302.html,云城区
4.45E+11,53/445303.html,云安区
4.45E+11,53/445321.html,新兴县
4.45E+11,53/445322.html,郁南县
4.45E+11,53/445381.html,罗定市
4.50E+11,,市辖区
4.50E+11,01/450102.html,兴宁区
4.50E+11,01/450103.html,青秀区
4.50E+11,01/450105.html,江南区
4.50E+11,01/450107.html,西乡塘区
4.50E+11,01/450108.html,良庆区
4.50E+11,01/450109.html,邕宁区
4.50E+11,01/450110.html,武鸣区
4.50E+11,01/450123.html,隆安县
4.50E+11,01/450124.html,马山县
4.50E+11,01/450125.html,上林县
4.50E+11,01/450126.html,宾阳县
4.50E+11,01/450127.html,横县
4.50E+11,,市辖区
4.50E+11,02/450202.html,城中区
4.50E+11,02/450203.html,鱼峰区
4.50E+11,02/450204.html,柳南区
4.50E+11,02/450205.html,柳北区
4.50E+11,02/450206.html,柳江区
4.50E+11,02/450222.html,柳城县
4.50E+11,02/450223.html,鹿寨县
4.50E+11,02/450224.html,融安县
4.50E+11,02/450225.html,融水苗族自治县
4.50E+11,02/450226.html,三江侗族自治县
4.50E+11,,市辖区
4.50E+11,03/450302.html,秀峰区
4.50E+11,03/450303.html,叠彩区
4.50E+11,03/450304.html,象山区
4.50E+11,03/450305.html,七星区
4.50E+11,03/450311.html,雁山区
4.50E+11,03/450312.html,临桂区
4.50E+11,03/450321.html,阳朔县
4.50E+11,03/450323.html,灵川县
4.50E+11,03/450324.html,全州县
4.50E+11,03/450325.html,兴安县
4.50E+11,03/450326.html,永福县
4.50E+11,03/450327.html,灌阳县
4.50E+11,03/450328.html,龙胜各族自治县
4.50E+11,03/450329.html,资源县
4.50E+11,03/450330.html,平乐县
4.50E+11,03/450332.html,恭城瑶族自治县
4.50E+11,03/450381.html,荔浦市
4.50E+11,,市辖区
4.50E+11,04/450403.html,万秀区
4.50E+11,04/450405.html,长洲区
4.50E+11,04/450406.html,龙圩区
4.50E+11,04/450421.html,苍梧县
4.50E+11,04/450422.html,藤县
4.50E+11,04/450423.html,蒙山县
4.50E+11,04/450481.html,岑溪市
4.51E+11,,市辖区
4.51E+11,05/450502.html,海城区
4.51E+11,05/450503.html,银海区
4.51E+11,05/450512.html,铁山港区
4.51E+11,05/450521.html,合浦县
4.51E+11,,市辖区
4.51E+11,06/450602.html,港口区
4.51E+11,06/450603.html,防城区
4.51E+11,06/450621.html,上思县
4.51E+11,06/450681.html,东兴市
4.51E+11,,市辖区
4.51E+11,07/450702.html,钦南区
4.51E+11,07/450703.html,钦北区
4.51E+11,07/450721.html,灵山县
4.51E+11,07/450722.html,浦北县
4.51E+11,,市辖区
4.51E+11,08/450802.html,港北区
4.51E+11,08/450803.html,港南区
4.51E+11,08/450804.html,覃塘区
4.51E+11,08/450821.html,平南县
4.51E+11,08/450881.html,桂平市
4.51E+11,,市辖区
4.51E+11,09/450902.html,玉州区
4.51E+11,09/450903.html,福绵区
4.51E+11,09/450921.html,容县
4.51E+11,09/450922.html,陆川县
4.51E+11,09/450923.html,博白县
4.51E+11,09/450924.html,兴业县
4.51E+11,09/450981.html,北流市
4.51E+11,,市辖区
4.51E+11,10/451002.html,右江区
4.51E+11,10/451021.html,田阳县
4.51E+11,10/451022.html,田东县
4.51E+11,10/451023.html,平果县
4.51E+11,10/451024.html,德保县
4.51E+11,10/451026.html,那坡县
4.51E+11,10/451027.html,凌云县
4.51E+11,10/451028.html,乐业县
4.51E+11,10/451029.html,田林县
4.51E+11,10/451030.html,西林县
4.51E+11,10/451031.html,隆林各族自治县
4.51E+11,10/451081.html,靖西市
4.51E+11,,市辖区
4.51E+11,11/451102.html,八步区
4.51E+11,11/451103.html,平桂区
4.51E+11,11/451121.html,昭平县
4.51E+11,11/451122.html,钟山县
4.51E+11,11/451123.html,富川瑶族自治县
4.51E+11,,市辖区
4.51E+11,12/451202.html,金城江区
4.51E+11,12/451203.html,宜州区
4.51E+11,12/451221.html,南丹县
4.51E+11,12/451222.html,天峨县
4.51E+11,12/451223.html,凤山县
4.51E+11,12/451224.html,东兰县
4.51E+11,12/451225.html,罗城仫佬族自治县
4.51E+11,12/451226.html,环江毛南族自治县
4.51E+11,12/451227.html,巴马瑶族自治县
4.51E+11,12/451228.html,都安瑶族自治县
4.51E+11,12/451229.html,大化瑶族自治县
4.51E+11,,市辖区
4.51E+11,13/451302.html,兴宾区
4.51E+11,13/451321.html,忻城县
4.51E+11,13/451322.html,象州县
4.51E+11,13/451323.html,武宣县
4.51E+11,13/451324.html,金秀瑶族自治县
4.51E+11,13/451381.html,合山市
4.51E+11,,市辖区
4.51E+11,14/451402.html,江州区
4.51E+11,14/451421.html,扶绥县
4.51E+11,14/451422.html,宁明县
4.51E+11,14/451423.html,龙州县
4.51E+11,14/451424.html,大新县
4.51E+11,14/451425.html,天等县
4.51E+11,14/451481.html,凭祥市
4.60E+11,,市辖区
4.60E+11,01/460105.html,秀英区
4.60E+11,01/460106.html,龙华区
4.60E+11,01/460107.html,琼山区
4.60E+11,01/460108.html,美兰区
4.60E+11,,市辖区
4.60E+11,02/460202.html,海棠区
4.60E+11,02/460203.html,吉阳区
4.60E+11,02/460204.html,天涯区
4.60E+11,02/460205.html,崖州区
4.60E+11,03/460321.html,西沙群岛
4.60E+11,03/460322.html,南沙群岛
4.60E+11,03/460323.html,中沙群岛的岛礁及其海域
4.69E+11,90/469001.html,五指山市
4.69E+11,90/469002.html,琼海市
4.69E+11,90/469005.html,文昌市
4.69E+11,90/469006.html,万宁市
4.69E+11,90/469007.html,东方市
4.69E+11,90/469021.html,定安县
4.69E+11,90/469022.html,屯昌县
4.69E+11,90/469023.html,澄迈县
4.69E+11,90/469024.html,临高县
4.69E+11,90/469025.html,白沙黎族自治县
4.69E+11,90/469026.html,昌江黎族自治县
4.69E+11,90/469027.html,乐东黎族自治县
4.69E+11,90/469028.html,陵水黎族自治县
4.69E+11,90/469029.html,保亭黎族苗族自治县
4.69E+11,90/469030.html,琼中黎族苗族自治县
5.00E+11,01/500101.html,万州区
5.00E+11,01/500102.html,涪陵区
5.00E+11,01/500103.html,渝中区
5.00E+11,01/500104.html,大渡口区
5.00E+11,01/500105.html,江北区
5.00E+11,01/500106.html,沙坪坝区
5.00E+11,01/500107.html,九龙坡区
5.00E+11,01/500108.html,南岸区
5.00E+11,01/500109.html,北碚区
5.00E+11,01/500110.html,綦江区
5.00E+11,01/500111.html,大足区
5.00E+11,01/500112.html,渝北区
5.00E+11,01/500113.html,巴南区
5.00E+11,01/500114.html,黔江区
5.00E+11,01/500115.html,长寿区
5.00E+11,01/500116.html,江津区
5.00E+11,01/500117.html,合川区
5.00E+11,01/500118.html,永川区
5.00E+11,01/500119.html,南川区
5.00E+11,01/500120.html,璧山区
5.00E+11,01/500151.html,铜梁区
5.00E+11,01/500152.html,潼南区
5.00E+11,01/500153.html,荣昌区
5.00E+11,01/500154.html,开州区
5.00E+11,01/500155.html,梁平区
5.00E+11,01/500156.html,武隆区
5.00E+11,02/500229.html,城口县
5.00E+11,02/500230.html,丰都县
5.00E+11,02/500231.html,垫江县
5.00E+11,02/500233.html,忠县
5.00E+11,02/500235.html,云阳县
5.00E+11,02/500236.html,奉节县
5.00E+11,02/500237.html,巫山县
5.00E+11,02/500238.html,巫溪县
5.00E+11,02/500240.html,石柱土家族自治县
5.00E+11,02/500241.html,秀山土家族苗族自治县
5.00E+11,02/500242.html,酉阳土家族苗族自治县
5.00E+11,02/500243.html,彭水苗族土家族自治县
5.10E+11,,市辖区
5.10E+11,01/510104.html,锦江区
5.10E+11,01/510105.html,青羊区
5.10E+11,01/510106.html,金牛区
5.10E+11,01/510107.html,武侯区
5.10E+11,01/510108.html,成华区
5.10E+11,01/510112.html,龙泉驿区
5.10E+11,01/510113.html,青白江区
5.10E+11,01/510114.html,新都区
5.10E+11,01/510115.html,温江区
5.10E+11,01/510116.html,双流区
5.10E+11,01/510117.html,郫都区
5.10E+11,01/510121.html,金堂县
5.10E+11,01/510129.html,大邑县
5.10E+11,01/510131.html,蒲江县
5.10E+11,01/510132.html,新津县
5.10E+11,01/510181.html,都江堰市
5.10E+11,01/510182.html,彭州市
5.10E+11,01/510183.html,邛崃市
5.10E+11,01/510184.html,崇州市
5.10E+11,01/510185.html,简阳市
5.10E+11,,市辖区
5.10E+11,03/510302.html,自流井区
5.10E+11,03/510303.html,贡井区
5.10E+11,03/510304.html,大安区
5.10E+11,03/510311.html,沿滩区
5.10E+11,03/510321.html,荣县
5.10E+11,03/510322.html,富顺县
5.10E+11,,市辖区
5.10E+11,04/510402.html,东区
5.10E+11,04/510403.html,西区
5.10E+11,04/510411.html,仁和区
5.10E+11,04/510421.html,米易县
5.10E+11,04/510422.html,盐边县
5.11E+11,,市辖区
5.11E+11,05/510502.html,江阳区
5.11E+11,05/510503.html,纳溪区
5.11E+11,05/510504.html,龙马潭区
5.11E+11,05/510521.html,泸县
5.11E+11,05/510522.html,合江县
5.11E+11,05/510524.html,叙永县
5.11E+11,05/510525.html,古蔺县
5.11E+11,,市辖区
5.11E+11,06/510603.html,旌阳区
5.11E+11,06/510604.html,罗江区
5.11E+11,06/510623.html,中江县
5.11E+11,06/510681.html,广汉市
5.11E+11,06/510682.html,什邡市
5.11E+11,06/510683.html,绵竹市
5.11E+11,,市辖区
5.11E+11,07/510703.html,涪城区
5.11E+11,07/510704.html,游仙区
5.11E+11,07/510705.html,安州区
5.11E+11,07/510722.html,三台县
5.11E+11,07/510723.html,盐亭县
5.11E+11,07/510725.html,梓潼县
5.11E+11,07/510726.html,北川羌族自治县
5.11E+11,07/510727.html,平武县
5.11E+11,07/510781.html,江油市
5.11E+11,,市辖区
5.11E+11,08/510802.html,利州区
5.11E+11,08/510811.html,昭化区
5.11E+11,08/510812.html,朝天区
5.11E+11,08/510821.html,旺苍县
5.11E+11,08/510822.html,青川县
5.11E+11,08/510823.html,剑阁县
5.11E+11,08/510824.html,苍溪县
5.11E+11,,市辖区
5.11E+11,09/510903.html,船山区
5.11E+11,09/510904.html,安居区
5.11E+11,09/510921.html,蓬溪县
5.11E+11,09/510922.html,射洪县
5.11E+11,09/510923.html,大英县
5.11E+11,,市辖区
5.11E+11,10/511002.html,市中区
5.11E+11,10/511011.html,东兴区
5.11E+11,10/511024.html,威远县
5.11E+11,10/511025.html,资中县
5.11E+11,10/511071.html,内江经济开发区
5.11E+11,10/511083.html,隆昌市
5.11E+11,,市辖区
5.11E+11,11/511102.html,市中区
5.11E+11,11/511111.html,沙湾区
5.11E+11,11/511112.html,五通桥区
5.11E+11,11/511113.html,金口河区
5.11E+11,11/511123.html,犍为县
5.11E+11,11/511124.html,井研县
5.11E+11,11/511126.html,夹江县
5.11E+11,11/511129.html,沐川县
5.11E+11,11/511132.html,峨边彝族自治县
5.11E+11,11/511133.html,马边彝族自治县
5.11E+11,11/511181.html,峨眉山市
5.11E+11,,市辖区
5.11E+11,13/511302.html,顺庆区
5.11E+11,13/511303.html,高坪区
5.11E+11,13/511304.html,嘉陵区
5.11E+11,13/511321.html,南部县
5.11E+11,13/511322.html,营山县
5.11E+11,13/511323.html,蓬安县
5.11E+11,13/511324.html,仪陇县
5.11E+11,13/511325.html,西充县
5.11E+11,13/511381.html,阆中市
5.11E+11,,市辖区
5.11E+11,14/511402.html,东坡区
5.11E+11,14/511403.html,彭山区
5.11E+11,14/511421.html,仁寿县
5.11E+11,14/511423.html,洪雅县
5.11E+11,14/511424.html,丹棱县
5.11E+11,14/511425.html,青神县
5.12E+11,,市辖区
5.12E+11,15/511502.html,翠屏区
5.12E+11,15/511503.html,南溪区
5.12E+11,15/511504.html,叙州区
5.12E+11,15/511523.html,江安县
5.12E+11,15/511524.html,长宁县
5.12E+11,15/511525.html,高县
5.12E+11,15/511526.html,珙县
5.12E+11,15/511527.html,筠连县
5.12E+11,15/511528.html,兴文县
5.12E+11,15/511529.html,屏山县
5.12E+11,,市辖区
5.12E+11,16/511602.html,广安区
5.12E+11,16/511603.html,前锋区
5.12E+11,16/511621.html,岳池县
5.12E+11,16/511622.html,武胜县
5.12E+11,16/511623.html,邻水县
5.12E+11,16/511681.html,华蓥市
5.12E+11,,市辖区
5.12E+11,17/511702.html,通川区
5.12E+11,17/511703.html,达川区
5.12E+11,17/511722.html,宣汉县
5.12E+11,17/511723.html,开江县
5.12E+11,17/511724.html,大竹县
5.12E+11,17/511725.html,渠县
5.12E+11,17/511771.html,达州经济开发区
5.12E+11,17/511781.html,万源市
5.12E+11,,市辖区
5.12E+11,18/511802.html,雨城区
5.12E+11,18/511803.html,名山区
5.12E+11,18/511822.html,荥经县
5.12E+11,18/511823.html,汉源县
5.12E+11,18/511824.html,石棉县
5.12E+11,18/511825.html,天全县
5.12E+11,18/511826.html,芦山县
5.12E+11,18/511827.html,宝兴县
5.12E+11,,市辖区
5.12E+11,19/511902.html,巴州区
5.12E+11,19/511903.html,恩阳区
5.12E+11,19/511921.html,通江县
5.12E+11,19/511922.html,南江县
5.12E+11,19/511923.html,平昌县
5.12E+11,19/511971.html,巴中经济开发区
5.12E+11,,市辖区
5.12E+11,20/512002.html,雁江区
5.12E+11,20/512021.html,安岳县
5.12E+11,20/512022.html,乐至县
5.13E+11,32/513201.html,马尔康市
5.13E+11,32/513221.html,汶川县
5.13E+11,32/513222.html,理县
5.13E+11,32/513223.html,茂县
5.13E+11,32/513224.html,松潘县
5.13E+11,32/513225.html,九寨沟县
5.13E+11,32/513226.html,金川县
5.13E+11,32/513227.html,小金县
5.13E+11,32/513228.html,黑水县
5.13E+11,32/513230.html,壤塘县
5.13E+11,32/513231.html,阿坝县
5.13E+11,32/513232.html,若尔盖县
5.13E+11,32/513233.html,红原县
5.13E+11,33/513301.html,康定市
5.13E+11,33/513322.html,泸定县
5.13E+11,33/513323.html,丹巴县
5.13E+11,33/513324.html,九龙县
5.13E+11,33/513325.html,雅江县
5.13E+11,33/513326.html,道孚县
5.13E+11,33/513327.html,炉霍县
5.13E+11,33/513328.html,甘孜县
5.13E+11,33/513329.html,新龙县
5.13E+11,33/513330.html,德格县
5.13E+11,33/513331.html,白玉县
5.13E+11,33/513332.html,石渠县
5.13E+11,33/513333.html,色达县
5.13E+11,33/513334.html,理塘县
5.13E+11,33/513335.html,巴塘县
5.13E+11,33/513336.html,乡城县
5.13E+11,33/513337.html,稻城县
5.13E+11,33/513338.html,得荣县
5.13E+11,34/513401.html,西昌市
5.13E+11,34/513422.html,木里藏族自治县
5.13E+11,34/513423.html,盐源县
5.13E+11,34/513424.html,德昌县
5.13E+11,34/513425.html,会理县
5.13E+11,34/513426.html,会东县
5.13E+11,34/513427.html,宁南县
5.13E+11,34/513428.html,普格县
5.13E+11,34/513429.html,布拖县
5.13E+11,34/513430.html,金阳县
5.13E+11,34/513431.html,昭觉县
5.13E+11,34/513432.html,喜德县
5.13E+11,34/513433.html,冕宁县
5.13E+11,34/513434.html,越西县
5.13E+11,34/513435.html,甘洛县
5.13E+11,34/513436.html,美姑县
5.13E+11,34/513437.html,雷波县
5.20E+11,,市辖区
5.20E+11,01/520102.html,南明区
5.20E+11,01/520103.html,云岩区
5.20E+11,01/520111.html,花溪区
5.20E+11,01/520112.html,乌当区
5.20E+11,01/520113.html,白云区
5.20E+11,01/520115.html,观山湖区
5.20E+11,01/520121.html,开阳县
5.20E+11,01/520122.html,息烽县
5.20E+11,01/520123.html,修文县
5.20E+11,01/520181.html,清镇市
5.20E+11,02/520201.html,钟山区
5.20E+11,02/520203.html,六枝特区
5.20E+11,02/520221.html,水城县
5.20E+11,02/520281.html,盘州市
5.20E+11,,市辖区
5.20E+11,03/520302.html,红花岗区
5.20E+11,03/520303.html,汇川区
5.20E+11,03/520304.html,播州区
5.20E+11,03/520322.html,桐梓县
5.20E+11,03/520323.html,绥阳县
5.20E+11,03/520324.html,正安县
5.20E+11,03/520325.html,道真仡佬族苗族自治县
5.20E+11,03/520326.html,务川仡佬族苗族自治县
5.20E+11,03/520327.html,凤冈县
5.20E+11,03/520328.html,湄潭县
5.20E+11,03/520329.html,余庆县
5.20E+11,03/520330.html,习水县
5.20E+11,03/520381.html,赤水市
5.20E+11,03/520382.html,仁怀市
5.20E+11,,市辖区
5.20E+11,04/520402.html,西秀区
5.20E+11,04/520403.html,平坝区
5.20E+11,04/520422.html,普定县
5.20E+11,04/520423.html,镇宁布依族苗族自治县
5.20E+11,04/520424.html,关岭布依族苗族自治县
5.20E+11,04/520425.html,紫云苗族布依族自治县
5.21E+11,,市辖区
5.21E+11,05/520502.html,七星关区
5.21E+11,05/520521.html,大方县
5.21E+11,05/520522.html,黔西县
5.21E+11,05/520523.html,金沙县
5.21E+11,05/520524.html,织金县
5.21E+11,05/520525.html,纳雍县
5.21E+11,05/520526.html,威宁彝族回族苗族自治县
5.21E+11,05/520527.html,赫章县
5.21E+11,,市辖区
5.21E+11,06/520602.html,碧江区
5.21E+11,06/520603.html,万山区
5.21E+11,06/520621.html,江口县
5.21E+11,06/520622.html,玉屏侗族自治县
5.21E+11,06/520623.html,石阡县
5.21E+11,06/520624.html,思南县
5.21E+11,06/520625.html,印江土家族苗族自治县
5.21E+11,06/520626.html,德江县
5.21E+11,06/520627.html,沿河土家族自治县
5.21E+11,06/520628.html,松桃苗族自治县
5.22E+11,23/522301.html,兴义市
5.22E+11,23/522302.html,兴仁市
5.22E+11,23/522323.html,普安县
5.22E+11,23/522324.html,晴隆县
5.22E+11,23/522325.html,贞丰县
5.22E+11,23/522326.html,望谟县
5.22E+11,23/522327.html,册亨县
5.22E+11,23/522328.html,安龙县
5.23E+11,26/522601.html,凯里市
5.23E+11,26/522622.html,黄平县
5.23E+11,26/522623.html,施秉县
5.23E+11,26/522624.html,三穗县
5.23E+11,26/522625.html,镇远县
5.23E+11,26/522626.html,岑巩县
5.23E+11,26/522627.html,天柱县
5.23E+11,26/522628.html,锦屏县
5.23E+11,26/522629.html,剑河县
5.23E+11,26/522630.html,台江县
5.23E+11,26/522631.html,黎平县
5.23E+11,26/522632.html,榕江县
5.23E+11,26/522633.html,从江县
5.23E+11,26/522634.html,雷山县
5.23E+11,26/522635.html,麻江县
5.23E+11,26/522636.html,丹寨县
5.23E+11,27/522701.html,都匀市
5.23E+11,27/522702.html,福泉市
5.23E+11,27/522722.html,荔波县
5.23E+11,27/522723.html,贵定县
5.23E+11,27/522725.html,瓮安县
5.23E+11,27/522726.html,独山县
5.23E+11,27/522727.html,平塘县
5.23E+11,27/522728.html,罗甸县
5.23E+11,27/522729.html,长顺县
5.23E+11,27/522730.html,龙里县
5.23E+11,27/522731.html,惠水县
5.23E+11,27/522732.html,三都水族自治县
5.30E+11,,市辖区
5.30E+11,01/530102.html,五华区
5.30E+11,01/530103.html,盘龙区
5.30E+11,01/530111.html,官渡区
5.30E+11,01/530112.html,西山区
5.30E+11,01/530113.html,东川区
5.30E+11,01/530114.html,呈贡区
5.30E+11,01/530115.html,晋宁区
5.30E+11,01/530124.html,富民县
5.30E+11,01/530125.html,宜良县
5.30E+11,01/530126.html,石林彝族自治县
5.30E+11,01/530127.html,嵩明县
5.30E+11,01/530128.html,禄劝彝族苗族自治县
5.30E+11,01/530129.html,寻甸回族彝族自治县
5.30E+11,01/530181.html,安宁市
5.30E+11,,市辖区
5.30E+11,03/530302.html,麒麟区
5.30E+11,03/530303.html,沾益区
5.30E+11,03/530304.html,马龙区
5.30E+11,03/530322.html,陆良县
5.30E+11,03/530323.html,师宗县
5.30E+11,03/530324.html,罗平县
5.30E+11,03/530325.html,富源县
5.30E+11,03/530326.html,会泽县
5.30E+11,03/530381.html,宣威市
5.30E+11,,市辖区
5.30E+11,04/530402.html,红塔区
5.30E+11,04/530403.html,江川区
5.30E+11,04/530422.html,澄江县
5.30E+11,04/530423.html,通海县
5.30E+11,04/530424.html,华宁县
5.30E+11,04/530425.html,易门县
5.30E+11,04/530426.html,峨山彝族自治县
5.30E+11,04/530427.html,新平彝族傣族自治县
5.30E+11,04/530428.html,元江哈尼族彝族傣族自治县
5.31E+11,,市辖区
5.31E+11,05/530502.html,隆阳区
5.31E+11,05/530521.html,施甸县
5.31E+11,05/530523.html,龙陵县
5.31E+11,05/530524.html,昌宁县
5.31E+11,05/530581.html,腾冲市
5.31E+11,,市辖区
5.31E+11,06/530602.html,昭阳区
5.31E+11,06/530621.html,鲁甸县
5.31E+11,06/530622.html,巧家县
5.31E+11,06/530623.html,盐津县
5.31E+11,06/530624.html,大关县
5.31E+11,06/530625.html,永善县
5.31E+11,06/530626.html,绥江县
5.31E+11,06/530627.html,镇雄县
5.31E+11,06/530628.html,彝良县
5.31E+11,06/530629.html,威信县
5.31E+11,06/530681.html,水富市
5.31E+11,,市辖区
5.31E+11,07/530702.html,古城区
5.31E+11,07/530721.html,玉龙纳西族自治县
5.31E+11,07/530722.html,永胜县
5.31E+11,07/530723.html,华坪县
5.31E+11,07/530724.html,宁蒗彝族自治县
5.31E+11,,市辖区
5.31E+11,08/530802.html,思茅区
5.31E+11,08/530821.html,宁洱哈尼族彝族自治县
5.31E+11,08/530822.html,墨江哈尼族自治县
5.31E+11,08/530823.html,景东彝族自治县
5.31E+11,08/530824.html,景谷傣族彝族自治县
5.31E+11,08/530825.html,镇沅彝族哈尼族拉祜族自治县
5.31E+11,08/530826.html,江城哈尼族彝族自治县
5.31E+11,08/530827.html,孟连傣族拉祜族佤族自治县
5.31E+11,08/530828.html,澜沧拉祜族自治县
5.31E+11,08/530829.html,西盟佤族自治县
5.31E+11,,市辖区
5.31E+11,09/530902.html,临翔区
5.31E+11,09/530921.html,凤庆县
5.31E+11,09/530922.html,云县
5.31E+11,09/530923.html,永德县
5.31E+11,09/530924.html,镇康县
5.31E+11,09/530925.html,双江拉祜族佤族布朗族傣族自治县
5.31E+11,09/530926.html,耿马傣族佤族自治县
5.31E+11,09/530927.html,沧源佤族自治县
5.32E+11,23/532301.html,楚雄市
5.32E+11,23/532322.html,双柏县
5.32E+11,23/532323.html,牟定县
5.32E+11,23/532324.html,南华县
5.32E+11,23/532325.html,姚安县
5.32E+11,23/532326.html,大姚县
5.32E+11,23/532327.html,永仁县
5.32E+11,23/532328.html,元谋县
5.32E+11,23/532329.html,武定县
5.32E+11,23/532331.html,禄丰县
5.33E+11,25/532501.html,个旧市
5.33E+11,25/532502.html,开远市
5.33E+11,25/532503.html,蒙自市
5.33E+11,25/532504.html,弥勒市
5.33E+11,25/532523.html,屏边苗族自治县
5.33E+11,25/532524.html,建水县
5.33E+11,25/532525.html,石屏县
5.33E+11,25/532527.html,泸西县
5.33E+11,25/532528.html,元阳县
5.33E+11,25/532529.html,红河县
5.33E+11,25/532530.html,金平苗族瑶族傣族自治县
5.33E+11,25/532531.html,绿春县
5.33E+11,25/532532.html,河口瑶族自治县
5.33E+11,26/532601.html,文山市
5.33E+11,26/532622.html,砚山县
5.33E+11,26/532623.html,西畴县
5.33E+11,26/532624.html,麻栗坡县
5.33E+11,26/532625.html,马关县
5.33E+11,26/532626.html,丘北县
5.33E+11,26/532627.html,广南县
5.33E+11,26/532628.html,富宁县
5.33E+11,28/532801.html,景洪市
5.33E+11,28/532822.html,勐海县
5.33E+11,28/532823.html,勐腊县
5.33E+11,29/532901.html,大理市
5.33E+11,29/532922.html,漾濞彝族自治县
5.33E+11,29/532923.html,祥云县
5.33E+11,29/532924.html,宾川县
5.33E+11,29/532925.html,弥渡县
5.33E+11,29/532926.html,南涧彝族自治县
5.33E+11,29/532927.html,巍山彝族回族自治县
5.33E+11,29/532928.html,永平县
5.33E+11,29/532929.html,云龙县
5.33E+11,29/532930.html,洱源县
5.33E+11,29/532931.html,剑川县
5.33E+11,29/532932.html,鹤庆县
5.33E+11,31/533102.html,瑞丽市
5.33E+11,31/533103.html,芒市
5.33E+11,31/533122.html,梁河县
5.33E+11,31/533123.html,盈江县
5.33E+11,31/533124.html,陇川县
5.33E+11,33/533301.html,泸水市
5.33E+11,33/533323.html,福贡县
5.33E+11,33/533324.html,贡山独龙族怒族自治县
5.33E+11,33/533325.html,兰坪白族普米族自治县
5.33E+11,34/533401.html,香格里拉市
5.33E+11,34/533422.html,德钦县
5.33E+11,34/533423.html,维西傈僳族自治县
5.40E+11,,市辖区
5.40E+11,01/540102.html,城关区
5.40E+11,01/540103.html,堆龙德庆区
5.40E+11,01/540104.html,达孜区
5.40E+11,01/540121.html,林周县
5.40E+11,01/540122.html,当雄县
5.40E+11,01/540123.html,尼木县
5.40E+11,01/540124.html,曲水县
5.40E+11,01/540127.html,墨竹工卡县
5.40E+11,01/540171.html,格尔木藏青工业园区
5.40E+11,01/540172.html,拉萨经济技术开发区
5.40E+11,01/540173.html,西藏文化旅游创意园区
5.40E+11,01/540174.html,达孜工业园区
5.40E+11,02/540202.html,桑珠孜区
5.40E+11,02/540221.html,南木林县
5.40E+11,02/540222.html,江孜县
5.40E+11,02/540223.html,定日县
5.40E+11,02/540224.html,萨迦县
5.40E+11,02/540225.html,拉孜县
5.40E+11,02/540226.html,昂仁县
5.40E+11,02/540227.html,谢通门县
5.40E+11,02/540228.html,白朗县
5.40E+11,02/540229.html,仁布县
5.40E+11,02/540230.html,康马县
5.40E+11,02/540231.html,定结县
5.40E+11,02/540232.html,仲巴县
5.40E+11,02/540233.html,亚东县
5.40E+11,02/540234.html,吉隆县
5.40E+11,02/540235.html,聂拉木县
5.40E+11,02/540236.html,萨嘎县
5.40E+11,02/540237.html,岗巴县
5.40E+11,03/540302.html,卡若区
5.40E+11,03/540321.html,江达县
5.40E+11,03/540322.html,贡觉县
5.40E+11,03/540323.html,类乌齐县
5.40E+11,03/540324.html,丁青县
5.40E+11,03/540325.html,察雅县
5.40E+11,03/540326.html,八宿县
5.40E+11,03/540327.html,左贡县
5.40E+11,03/540328.html,芒康县
5.40E+11,03/540329.html,洛隆县
5.40E+11,03/540330.html,边坝县
5.40E+11,04/540402.html,巴宜区
5.40E+11,04/540421.html,工布江达县
5.40E+11,04/540422.html,米林县
5.40E+11,04/540423.html,墨脱县
5.40E+11,04/540424.html,波密县
5.40E+11,04/540425.html,察隅县
5.40E+11,04/540426.html,朗县
5.41E+11,,市辖区
5.41E+11,05/540502.html,乃东区
5.41E+11,05/540521.html,扎囊县
5.41E+11,05/540522.html,贡嘎县
5.41E+11,05/540523.html,桑日县
5.41E+11,05/540524.html,琼结县
5.41E+11,05/540525.html,曲松县
5.41E+11,05/540526.html,措美县
5.41E+11,05/540527.html,洛扎县
5.41E+11,05/540528.html,加查县
5.41E+11,05/540529.html,隆子县
5.41E+11,05/540530.html,错那县
5.41E+11,05/540531.html,浪卡子县
5.41E+11,06/540602.html,色尼区
5.41E+11,06/540621.html,嘉黎县
5.41E+11,06/540622.html,比如县
5.41E+11,06/540623.html,聂荣县
5.41E+11,06/540624.html,安多县
5.41E+11,06/540625.html,申扎县
5.41E+11,06/540626.html,索县
5.41E+11,06/540627.html,班戈县
5.41E+11,06/540628.html,巴青县
5.41E+11,06/540629.html,尼玛县
5.41E+11,06/540630.html,双湖县
5.43E+11,25/542521.html,普兰县
5.43E+11,25/542522.html,札达县
5.43E+11,25/542523.html,噶尔县
5.43E+11,25/542524.html,日土县
5.43E+11,25/542525.html,革吉县
5.43E+11,25/542526.html,改则县
5.43E+11,25/542527.html,措勤县
6.10E+11,,市辖区
6.10E+11,01/610102.html,新城区
6.10E+11,01/610103.html,碑林区
6.10E+11,01/610104.html,莲湖区
6.10E+11,01/610111.html,灞桥区
6.10E+11,01/610112.html,未央区
6.10E+11,01/610113.html,雁塔区
6.10E+11,01/610114.html,阎良区
6.10E+11,01/610115.html,临潼区
6.10E+11,01/610116.html,长安区
6.10E+11,01/610117.html,高陵区
6.10E+11,01/610118.html,邑区
6.10E+11,01/610122.html,蓝田县
6.10E+11,01/610124.html,周至县
6.10E+11,,市辖区
6.10E+11,02/610202.html,王益区
6.10E+11,02/610203.html,印台区
6.10E+11,02/610204.html,耀州区
6.10E+11,02/610222.html,宜君县
6.10E+11,,市辖区
6.10E+11,03/610302.html,渭滨区
6.10E+11,03/610303.html,金台区
6.10E+11,03/610304.html,陈仓区
6.10E+11,03/610322.html,凤翔县
6.10E+11,03/610323.html,岐山县
6.10E+11,03/610324.html,扶风县
6.10E+11,03/610326.html,眉县
6.10E+11,03/610327.html,陇县
6.10E+11,03/610328.html,千阳县
6.10E+11,03/610329.html,麟游县
6.10E+11,03/610330.html,凤县
6.10E+11,03/610331.html,太白县
6.10E+11,,市辖区
6.10E+11,04/610402.html,秦都区
6.10E+11,04/610403.html,杨陵区
6.10E+11,04/610404.html,渭城区
6.10E+11,04/610422.html,三原县
6.10E+11,04/610423.html,泾阳县
6.10E+11,04/610424.html,乾县
6.10E+11,04/610425.html,礼泉县
6.10E+11,04/610426.html,永寿县
6.10E+11,04/610428.html,长武县
6.10E+11,04/610429.html,旬邑县
6.10E+11,04/610430.html,淳化县
6.10E+11,04/610431.html,武功县
6.10E+11,04/610481.html,兴平市
6.10E+11,04/610482.html,彬州市
6.11E+11,,市辖区
6.11E+11,05/610502.html,临渭区
6.11E+11,05/610503.html,华州区
6.11E+11,05/610522.html,潼关县
6.11E+11,05/610523.html,大荔县
6.11E+11,05/610524.html,合阳县
6.11E+11,05/610525.html,澄城县
6.11E+11,05/610526.html,蒲城县
6.11E+11,05/610527.html,白水县
6.11E+11,05/610528.html,富平县
6.11E+11,05/610581.html,韩城市
6.11E+11,05/610582.html,华阴市
6.11E+11,,市辖区
6.11E+11,06/610602.html,宝塔区
6.11E+11,06/610603.html,安塞区
6.11E+11,06/610621.html,延长县
6.11E+11,06/610622.html,延川县
6.11E+11,06/610623.html,子长县
6.11E+11,06/610625.html,志丹县
6.11E+11,06/610626.html,吴起县
6.11E+11,06/610627.html,甘泉县
6.11E+11,06/610628.html,富县
6.11E+11,06/610629.html,洛川县
6.11E+11,06/610630.html,宜川县
6.11E+11,06/610631.html,黄龙县
6.11E+11,06/610632.html,黄陵县
6.11E+11,,市辖区
6.11E+11,07/610702.html,汉台区
6.11E+11,07/610703.html,南郑区
6.11E+11,07/610722.html,城固县
6.11E+11,07/610723.html,洋县
6.11E+11,07/610724.html,西乡县
6.11E+11,07/610725.html,勉县
6.11E+11,07/610726.html,宁强县
6.11E+11,07/610727.html,略阳县
6.11E+11,07/610728.html,镇巴县
6.11E+11,07/610729.html,留坝县
6.11E+11,07/610730.html,佛坪县
6.11E+11,,市辖区
6.11E+11,08/610802.html,榆阳区
6.11E+11,08/610803.html,横山区
6.11E+11,08/610822.html,府谷县
6.11E+11,08/610824.html,靖边县
6.11E+11,08/610825.html,定边县
6.11E+11,08/610826.html,绥德县
6.11E+11,08/610827.html,米脂县
6.11E+11,08/610828.html,佳县
6.11E+11,08/610829.html,吴堡县
6.11E+11,08/610830.html,清涧县
6.11E+11,08/610831.html,子洲县
6.11E+11,08/610881.html,神木市
6.11E+11,,市辖区
6.11E+11,09/610902.html,汉滨区
6.11E+11,09/610921.html,汉阴县
6.11E+11,09/610922.html,石泉县
6.11E+11,09/610923.html,宁陕县
6.11E+11,09/610924.html,紫阳县
6.11E+11,09/610925.html,岚皋县
6.11E+11,09/610926.html,平利县
6.11E+11,09/610927.html,镇坪县
6.11E+11,09/610928.html,旬阳县
6.11E+11,09/610929.html,白河县
6.11E+11,,市辖区
6.11E+11,10/611002.html,商州区
6.11E+11,10/611021.html,洛南县
6.11E+11,10/611022.html,丹凤县
6.11E+11,10/611023.html,商南县
6.11E+11,10/611024.html,山阳县
6.11E+11,10/611025.html,镇安县
6.11E+11,10/611026.html,柞水县
6.20E+11,,市辖区
6.20E+11,01/620102.html,城关区
6.20E+11,01/620103.html,七里河区
6.20E+11,01/620104.html,西固区
6.20E+11,01/620105.html,安宁区
6.20E+11,01/620111.html,红古区
6.20E+11,01/620121.html,永登县
6.20E+11,01/620122.html,皋兰县
6.20E+11,01/620123.html,榆中县
6.20E+11,01/620171.html,兰州新区
6.20E+11,02/620201.html,市辖区
6.20E+11,,市辖区
6.20E+11,03/620302.html,金川区
6.20E+11,03/620321.html,永昌县
6.20E+11,,市辖区
6.20E+11,04/620402.html,白银区
6.20E+11,04/620403.html,平川区
6.20E+11,04/620421.html,靖远县
6.20E+11,04/620422.html,会宁县
6.20E+11,04/620423.html,景泰县
6.21E+11,,市辖区
6.21E+11,05/620502.html,秦州区
6.21E+11,05/620503.html,麦积区
6.21E+11,05/620521.html,清水县
6.21E+11,05/620522.html,秦安县
6.21E+11,05/620523.html,甘谷县
6.21E+11,05/620524.html,武山县
6.21E+11,05/620525.html,张家川回族自治县
6.21E+11,,市辖区
6.21E+11,06/620602.html,凉州区
6.21E+11,06/620621.html,民勤县
6.21E+11,06/620622.html,古浪县
6.21E+11,06/620623.html,天祝藏族自治县
6.21E+11,,市辖区
6.21E+11,07/620702.html,甘州区
6.21E+11,07/620721.html,肃南裕固族自治县
6.21E+11,07/620722.html,民乐县
6.21E+11,07/620723.html,临泽县
6.21E+11,07/620724.html,高台县
6.21E+11,07/620725.html,山丹县
6.21E+11,,市辖区
6.21E+11,08/620802.html,崆峒区
6.21E+11,08/620821.html,泾川县
6.21E+11,08/620822.html,灵台县
6.21E+11,08/620823.html,崇信县
6.21E+11,08/620825.html,庄浪县
6.21E+11,08/620826.html,静宁县
6.21E+11,08/620881.html,华亭市
6.21E+11,,市辖区
6.21E+11,09/620902.html,肃州区
6.21E+11,09/620921.html,金塔县
6.21E+11,09/620922.html,瓜州县
6.21E+11,09/620923.html,肃北蒙古族自治县
6.21E+11,09/620924.html,阿克塞哈萨克族自治县
6.21E+11,09/620981.html,玉门市
6.21E+11,09/620982.html,敦煌市
6.21E+11,,市辖区
6.21E+11,10/621002.html,西峰区
6.21E+11,10/621021.html,庆城县
6.21E+11,10/621022.html,环县
6.21E+11,10/621023.html,华池县
6.21E+11,10/621024.html,合水县
6.21E+11,10/621025.html,正宁县
6.21E+11,10/621026.html,宁县
6.21E+11,10/621027.html,镇原县
6.21E+11,,市辖区
6.21E+11,11/621102.html,安定区
6.21E+11,11/621121.html,通渭县
6.21E+11,11/621122.html,陇西县
6.21E+11,11/621123.html,渭源县
6.21E+11,11/621124.html,临洮县
6.21E+11,11/621125.html,漳县
6.21E+11,11/621126.html,岷县
6.21E+11,,市辖区
6.21E+11,12/621202.html,武都区
6.21E+11,12/621221.html,成县
6.21E+11,12/621222.html,文县
6.21E+11,12/621223.html,宕昌县
6.21E+11,12/621224.html,康县
6.21E+11,12/621225.html,西和县
6.21E+11,12/621226.html,礼县
6.21E+11,12/621227.html,徽县
6.21E+11,12/621228.html,两当县
6.23E+11,29/622901.html,临夏市
6.23E+11,29/622921.html,临夏县
6.23E+11,29/622922.html,康乐县
6.23E+11,29/622923.html,永靖县
6.23E+11,29/622924.html,广河县
6.23E+11,29/622925.html,和政县
6.23E+11,29/622926.html,东乡族自治县
6.23E+11,29/622927.html,积石山保安族东乡族撒拉族自治县
6.23E+11,30/623001.html,合作市
6.23E+11,30/623021.html,临潭县
6.23E+11,30/623022.html,卓尼县
6.23E+11,30/623023.html,舟曲县
6.23E+11,30/623024.html,迭部县
6.23E+11,30/623025.html,玛曲县
6.23E+11,30/623026.html,碌曲县
6.23E+11,30/623027.html,夏河县
6.30E+11,,市辖区
6.30E+11,01/630102.html,城东区
6.30E+11,01/630103.html,城中区
6.30E+11,01/630104.html,城西区
6.30E+11,01/630105.html,城北区
6.30E+11,01/630121.html,大通回族土族自治县
6.30E+11,01/630122.html,湟中县
6.30E+11,01/630123.html,湟源县
6.30E+11,02/630202.html,乐都区
6.30E+11,02/630203.html,平安区
6.30E+11,02/630222.html,民和回族土族自治县
6.30E+11,02/630223.html,互助土族自治县
6.30E+11,02/630224.html,化隆回族自治县
6.30E+11,02/630225.html,循化撒拉族自治县
6.32E+11,22/632221.html,门源回族自治县
6.32E+11,22/632222.html,祁连县
6.32E+11,22/632223.html,海晏县
6.32E+11,22/632224.html,刚察县
6.32E+11,23/632321.html,同仁县
6.32E+11,23/632322.html,尖扎县
6.32E+11,23/632323.html,泽库县
6.32E+11,23/632324.html,河南蒙古族自治县
6.33E+11,25/632521.html,共和县
6.33E+11,25/632522.html,同德县
6.33E+11,25/632523.html,贵德县
6.33E+11,25/632524.html,兴海县
6.33E+11,25/632525.html,贵南县
6.33E+11,26/632621.html,玛沁县
6.33E+11,26/632622.html,班玛县
6.33E+11,26/632623.html,甘德县
6.33E+11,26/632624.html,达日县
6.33E+11,26/632625.html,久治县
6.33E+11,26/632626.html,玛多县
6.33E+11,27/632701.html,玉树市
6.33E+11,27/632722.html,杂多县
6.33E+11,27/632723.html,称多县
6.33E+11,27/632724.html,治多县
6.33E+11,27/632725.html,囊谦县
6.33E+11,27/632726.html,曲麻莱县
6.33E+11,28/632801.html,格尔木市
6.33E+11,28/632802.html,德令哈市
6.33E+11,28/632803.html,茫崖市
6.33E+11,28/632821.html,乌兰县
6.33E+11,28/632822.html,都兰县
6.33E+11,28/632823.html,天峻县
6.33E+11,28/632857.html,大柴旦行政委员会
6.40E+11,,市辖区
6.40E+11,01/640104.html,兴庆区
6.40E+11,01/640105.html,西夏区
6.40E+11,01/640106.html,金凤区
6.40E+11,01/640121.html,永宁县
6.40E+11,01/640122.html,贺兰县
6.40E+11,01/640181.html,灵武市
6.40E+11,,市辖区
6.40E+11,02/640202.html,大武口区
6.40E+11,02/640205.html,惠农区
6.40E+11,02/640221.html,平罗县
6.40E+11,,市辖区
6.40E+11,03/640302.html,利通区
6.40E+11,03/640303.html,红寺堡区
6.40E+11,03/640323.html,盐池县
6.40E+11,03/640324.html,同心县
6.40E+11,03/640381.html,青铜峡市
6.40E+11,,市辖区
6.40E+11,04/640402.html,原州区
6.40E+11,04/640422.html,西吉县
6.40E+11,04/640423.html,隆德县
6.40E+11,04/640424.html,泾源县
6.40E+11,04/640425.html,彭阳县
6.41E+11,,市辖区
6.41E+11,05/640502.html,沙坡头区
6.41E+11,05/640521.html,中宁县
6.41E+11,05/640522.html,海原县
6.50E+11,,市辖区
6.50E+11,01/650102.html,天山区
6.50E+11,01/650103.html,沙依巴克区
6.50E+11,01/650104.html,新市区
6.50E+11,01/650105.html,水磨沟区
6.50E+11,01/650106.html,头屯河区
6.50E+11,01/650107.html,达坂城区
6.50E+11,01/650109.html,米东区
6.50E+11,01/650121.html,乌鲁木齐县
6.50E+11,01/650171.html,乌鲁木齐经济技术开发区
6.50E+11,01/650172.html,乌鲁木齐高新技术产业开发区
6.50E+11,,市辖区
6.50E+11,02/650202.html,独山子区
6.50E+11,02/650203.html,克拉玛依区
6.50E+11,02/650204.html,白碱滩区
6.50E+11,02/650205.html,乌尔禾区
6.50E+11,04/650402.html,高昌区
6.50E+11,04/650421.html,鄯善县
6.50E+11,04/650422.html,托克逊县
6.51E+11,05/650502.html,伊州区
6.51E+11,05/650521.html,巴里坤哈萨克自治县
6.51E+11,05/650522.html,伊吾县
6.52E+11,23/652301.html,昌吉市
6.52E+11,23/652302.html,阜康市
6.52E+11,23/652323.html,呼图壁县
6.52E+11,23/652324.html,玛纳斯县
6.52E+11,23/652325.html,奇台县
6.52E+11,23/652327.html,吉木萨尔县
6.52E+11,23/652328.html,木垒哈萨克自治县
6.53E+11,27/652701.html,博乐市
6.53E+11,27/652702.html,阿拉山口市
6.53E+11,27/652722.html,精河县
6.53E+11,27/652723.html,温泉县
6.53E+11,28/652801.html,库尔勒市
6.53E+11,28/652822.html,轮台县
6.53E+11,28/652823.html,尉犁县
6.53E+11,28/652824.html,若羌县
6.53E+11,28/652825.html,且末县
6.53E+11,28/652826.html,焉耆回族自治县
6.53E+11,28/652827.html,和静县
6.53E+11,28/652828.html,和硕县
6.53E+11,28/652829.html,博湖县
6.53E+11,28/652871.html,库尔勒经济技术开发区
6.53E+11,29/652901.html,阿克苏市
6.53E+11,29/652922.html,温宿县
6.53E+11,29/652923.html,库车县
6.53E+11,29/652924.html,沙雅县
6.53E+11,29/652925.html,新和县
6.53E+11,29/652926.html,拜城县
6.53E+11,29/652927.html,乌什县
6.53E+11,29/652928.html,阿瓦提县
6.53E+11,29/652929.html,柯坪县
6.53E+11,30/653001.html,阿图什市
6.53E+11,30/653022.html,阿克陶县
6.53E+11,30/653023.html,阿合奇县
6.53E+11,30/653024.html,乌恰县
6.53E+11,31/653101.html,喀什市
6.53E+11,31/653121.html,疏附县
6.53E+11,31/653122.html,疏勒县
6.53E+11,31/653123.html,英吉沙县
6.53E+11,31/653124.html,泽普县
6.53E+11,31/653125.html,莎车县
6.53E+11,31/653126.html,叶城县
6.53E+11,31/653127.html,麦盖提县
6.53E+11,31/653128.html,岳普湖县
6.53E+11,31/653129.html,伽师县
6.53E+11,31/653130.html,巴楚县
6.53E+11,31/653131.html,塔什库尔干塔吉克自治县
6.53E+11,32/653201.html,和田市
6.53E+11,32/653221.html,和田县
6.53E+11,32/653222.html,墨玉县
6.53E+11,32/653223.html,皮山县
6.53E+11,32/653224.html,洛浦县
6.53E+11,32/653225.html,策勒县
6.53E+11,32/653226.html,于田县
6.53E+11,32/653227.html,民丰县
6.54E+11,40/654002.html,伊宁市
6.54E+11,40/654003.html,奎屯市
6.54E+11,40/654004.html,霍尔果斯市
6.54E+11,40/654021.html,伊宁县
6.54E+11,40/654022.html,察布查尔锡伯自治县
6.54E+11,40/654023.html,霍城县
6.54E+11,40/654024.html,巩留县
6.54E+11,40/654025.html,新源县
6.54E+11,40/654026.html,昭苏县
6.54E+11,40/654027.html,特克斯县
6.54E+11,40/654028.html,尼勒克县
6.54E+11,42/654201.html,塔城市
6.54E+11,42/654202.html,乌苏市
6.54E+11,42/654221.html,额敏县
6.54E+11,42/654223.html,沙湾县
6.54E+11,42/654224.html,托里县
6.54E+11,42/654225.html,裕民县
6.54E+11,42/654226.html,和布克赛尔蒙古自治县
6.54E+11,43/654301.html,阿勒泰市
6.54E+11,43/654321.html,布尔津县
6.54E+11,43/654322.html,富蕴县
6.54E+11,43/654323.html,福海县
6.54E+11,43/654324.html,哈巴河县
6.54E+11,43/654325.html,青河县
6.54E+11,43/654326.html,吉木乃县
6.59E+11,90/659001.html,石河子市
6.59E+11,90/659002.html,阿拉尔市
6.59E+11,90/659003.html,图木舒克市
6.59E+11,90/659004.html,五家渠市
6.59E+11,90/659006.html,铁门关市
