trade_date,未来1d涨跌幅方向,当前涨跌幅方向,ma5当前涨跌幅方向
2010-01-11,上涨,-1.0,-1.0
2010-01-12,下跌,1.0,-1.0
2010-01-13,下跌,-1.0,-1.0
2010-01-14,上涨,-1.0,-1.0
2010-01-15,下跌,1.0,-1.0
2010-01-18,下跌,-1.0,-1.0
2010-01-19,下跌,-1.0,-1.0
2010-01-20,上涨,-1.0,-1.0
2010-01-21,下跌,1.0,-1.0
2010-01-22,下跌,-1.0,-1.0
2010-01-25,下跌,-1.0,-1.0
2010-01-26,上涨,-1.0,-1.0
2010-01-27,上涨,1.0,-1.0
2010-01-28,下跌,1.0,-1.0
2010-01-29,上涨,-1.0,-1.0
2010-02-01,下跌,1.0,-1.0
2010-02-02,上涨,-1.0,1.0
2010-02-03,下跌,1.0,1.0
2010-02-04,下跌,-1.0,0.0
2010-02-05,下跌,-1.0,-1.0
2010-02-08,下跌,-1.0,-1.0
2010-02-09,上涨,-1.0,-1.0
2010-02-10,上涨,1.0,-1.0
2010-02-11,上涨,1.0,-1.0
2010-02-12,下跌,1.0,1.0
2010-02-22,下跌,-1.0,1.0
2010-02-23,上涨,-1.0,1.0
2010-02-24,上涨,1.0,1.0
2010-02-25,下跌,1.0,1.0
2010-02-26,上涨,-1.0,1.0
2010-03-01,上涨,1.0,1.0
2010-03-02,下跌,1.0,1.0
2010-03-03,下跌,-1.0,1.0
2010-03-04,下跌,-1.0,-1.0
2010-03-05,上涨,-1.0,-1.0
2010-03-08,上涨,1.0,-1.0
2010-03-09,下跌,1.0,1.0
2010-03-10,上涨,-1.0,-1.0
2010-03-11,下跌,1.0,1.0
2010-03-12,下跌,-1.0,0.0
2010-03-15,上涨,-1.0,-1.0
2010-03-16,上涨,1.0,-1.0
2010-03-17,上涨,1.0,-1.0
2010-03-18,上涨,1.0,1.0
2010-03-19,下跌,1.0,1.0
2010-03-22,下跌,-1.0,1.0
2010-03-24,下跌,-1.0,1.0
2010-03-25,上涨,-1.0,-1.0
2010-03-26,上涨,1.0,-1.0
2010-03-29,下跌,1.0,-1.0
2010-03-30,上涨,-1.0,-1.0
2010-03-31,上涨,1.0,1.0
2010-04-01,上涨,1.0,1.0
2010-04-02,下跌,1.0,1.0
2010-04-06,下跌,-1.0,1.0
2010-04-07,下跌,-1.0,-1.0
2010-04-08,上涨,-1.0,-1.0
2010-04-09,下跌,1.0,-1.0
2010-04-12,上涨,-1.0,-1.0
2010-04-13,下跌,1.0,-1.0
2010-04-14,下跌,-1.0,-1.0
2010-04-15,下跌,-1.0,-1.0
2010-04-16,下跌,-1.0,-1.0
2010-04-19,下跌,-1.0,-1.0
2010-04-20,上涨,-1.0,-1.0
2010-04-21,下跌,1.0,-1.0
2010-04-22,上涨,-1.0,-1.0
2010-04-23,下跌,1.0,-1.0
2010-04-26,下跌,-1.0,-1.0
2010-04-27,上涨,-1.0,-1.0
2010-04-28,下跌,1.0,-1.0
2010-04-29,上涨,-1.0,-1.0
2010-04-30,下跌,1.0,-1.0
2010-05-04,上涨,-1.0,-1.0
2010-05-05,下跌,1.0,-1.0
2010-05-06,上涨,-1.0,-1.0
2010-05-07,上涨,1.0,-1.0
2010-05-10,下跌,1.0,-1.0
2010-05-11,上涨,-1.0,-1.0
2010-05-12,上涨,1.0,-1.0
2010-05-13,下跌,1.0,1.0
2010-05-14,下跌,-1.0,1.0
2010-05-17,上涨,-1.0,-1.0
2010-05-18,下跌,1.0,1.0
2010-05-19,下跌,-1.0,-1.0
2010-05-20,上涨,-1.0,-1.0
2010-05-21,上涨,1.0,1.0
2010-05-24,下跌,1.0,1.0
2010-05-25,上涨,-1.0,1.0
2010-05-26,上涨,1.0,1.0
2010-05-27,下跌,1.0,1.0
2010-05-28,下跌,-1.0,1.0
2010-05-31,下跌,-1.0,-1.0
2010-06-01,上涨,-1.0,-1.0
2010-06-02,下跌,1.0,-1.0
2010-06-03,上涨,-1.0,-1.0
2010-06-04,下跌,1.0,-1.0
2010-06-07,下跌,-1.0,-1.0
2010-06-08,上涨,-1.0,-1.0
2010-06-09,下跌,1.0,1.0
2010-06-10,下跌,-1.0,-1.0
2010-06-11,下跌,-1.0,-1.0
2010-06-17,下跌,-1.0,-1.0
2010-06-18,上涨,-1.0,-1.0
2010-06-21,下跌,1.0,1.0
2010-06-22,下跌,-1.0,1.0
2010-06-23,上涨,-1.0,1.0
2010-06-24,下跌,1.0,1.0
2010-06-25,下跌,-1.0,1.0
2010-06-28,下跌,-1.0,-1.0
2010-06-29,下跌,-1.0,-1.0
2010-06-30,下跌,-1.0,-1.0
2010-07-01,上涨,-1.0,-1.0
2010-07-02,上涨,1.0,-1.0
2010-07-05,上涨,1.0,-1.0
2010-07-06,下跌,1.0,1.0
2010-07-07,上涨,-1.0,1.0
2010-07-08,上涨,1.0,1.0
2010-07-09,上涨,1.0,1.0
2010-07-12,下跌,1.0,1.0
2010-07-13,下跌,-1.0,1.0
2010-07-14,上涨,-1.0,1.0
2010-07-15,上涨,1.0,1.0
2010-07-16,上涨,1.0,1.0
2010-07-19,上涨,1.0,1.0
2010-07-20,下跌,1.0,1.0
2010-07-21,上涨,-1.0,1.0
2010-07-22,上涨,1.0,1.0
2010-07-23,上涨,1.0,1.0
2010-07-26,上涨,1.0,1.0
2010-07-27,上涨,1.0,1.0
2010-07-28,下跌,1.0,1.0
2010-07-29,下跌,-1.0,1.0
2010-07-30,上涨,-1.0,1.0
2010-08-02,下跌,1.0,1.0
2010-08-03,下跌,-1.0,1.0
2010-08-04,下跌,-1.0,-1.0
2010-08-05,上涨,-1.0,-1.0
2010-08-06,下跌,1.0,-1.0
2010-08-09,上涨,-1.0,-1.0
2010-08-11,上涨,1.0,1.0
2010-08-12,上涨,1.0,1.0
2010-08-13,上涨,1.0,1.0
2010-08-16,上涨,1.0,1.0
2010-08-17,下跌,1.0,1.0
2010-08-18,下跌,-1.0,1.0
2010-08-19,下跌,-1.0,1.0
2010-08-20,下跌,-1.0,-1.0
2010-08-23,上涨,-1.0,-1.0
2010-08-24,下跌,1.0,-1.0
2010-08-25,上涨,-1.0,-1.0
2010-08-26,下跌,1.0,-1.0
2010-08-27,上涨,-1.0,-1.0
2010-08-30,下跌,1.0,-1.0
2010-08-31,上涨,-1.0,-1.0
2010-09-01,上涨,1.0,-1.0
2010-09-02,下跌,1.0,1.0
2010-09-03,上涨,-1.0,1.0
2010-09-06,上涨,1.0,1.0
2010-09-07,下跌,1.0,1.0
2010-09-08,下跌,-1.0,1.0
2010-09-09,下跌,-1.0,-1.0
2010-09-10,上涨,-1.0,-1.0
2010-09-13,下跌,1.0,-1.0
2010-09-14,下跌,-1.0,-1.0
2010-09-15,下跌,-1.0,-1.0
2010-09-16,上涨,-1.0,-1.0
2010-09-17,下跌,1.0,-1.0
2010-09-20,上涨,-1.0,-1.0
2010-09-21,下跌,1.0,-1.0
2010-09-27,下跌,-1.0,-1.0
2010-09-28,下跌,-1.0,-1.0
2010-09-29,上涨,-1.0,-1.0
2010-09-30,上涨,1.0,1.0
2010-10-08,上涨,1.0,1.0
2010-10-11,下跌,1.0,1.0
2010-10-12,上涨,-1.0,1.0
2010-10-13,横盘,1.0,1.0
2010-10-14,上涨,0.0,1.0
2010-10-15,上涨,1.0,1.0
2010-10-18,下跌,1.0,1.0
2010-10-19,下跌,-1.0,1.0
2010-10-20,下跌,-1.0,-1.0
2010-10-21,横盘,-1.0,-1.0
2010-10-22,上涨,0.0,-1.0
2010-10-25,上涨,1.0,-1.0
2010-10-26,上涨,1.0,-1.0
2010-10-27,上涨,1.0,1.0
2010-10-28,下跌,1.0,1.0
2010-10-29,下跌,-1.0,1.0
2010-11-01,上涨,-1.0,1.0
2010-11-02,上涨,1.0,1.0
2010-11-03,下跌,1.0,1.0
2010-11-04,下跌,-1.0,-1.0
2010-11-05,上涨,-1.0,1.0
2010-11-08,下跌,1.0,1.0
2010-11-09,下跌,-1.0,-1.0
2010-11-10,上涨,-1.0,-1.0
2010-11-11,下跌,1.0,-1.0
2010-11-12,横盘,-1.0,-1.0
2010-11-15,下跌,0.0,-1.0
2010-11-16,上涨,-1.0,-1.0
2010-11-17,上涨,1.0,-1.0
2010-11-18,下跌,1.0,-1.0
2010-11-19,下跌,-1.0,-1.0
2010-11-22,下跌,-1.0,-1.0
2010-11-23,上涨,-1.0,-1.0
2010-11-24,上涨,1.0,-1.0
2010-11-25,下跌,1.0,1.0
2010-11-26,下跌,-1.0,-1.0
2010-11-29,下跌,-1.0,1.0
2010-11-30,上涨,-1.0,1.0
2010-12-01,上涨,1.0,1.0
2010-12-02,上涨,1.0,-1.0
2010-12-03,横盘,1.0,1.0
2010-12-06,上涨,0.0,1.0
2010-12-07,下跌,1.0,1.0
2010-12-08,下跌,-1.0,1.0
2010-12-09,下跌,-1.0,-1.0
2010-12-10,上涨,-1.0,-1.0
2010-12-13,上涨,1.0,-1.0
2010-12-14,下跌,1.0,-1.0
2010-12-15,上涨,-1.0,-1.0
2010-12-16,下跌,1.0,1.0
2010-12-17,下跌,-1.0,1.0
2010-12-20,上涨,-1.0,-1.0
2010-12-21,下跌,1.0,1.0
2010-12-22,下跌,-1.0,1.0
2010-12-23,上涨,-1.0,1.0
2010-12-24,下跌,1.0,1.0
2010-12-27,下跌,-1.0,1.0
2010-12-28,下跌,-1.0,-1.0
2010-12-29,下跌,-1.0,-1.0
2010-12-30,上涨,-1.0,-1.0
2010-12-31,上涨,1.0,-1.0
2011-01-04,上涨,1.0,1.0
2011-01-05,上涨,1.0,1.0
2011-01-06,上涨,1.0,1.0
2011-01-07,下跌,1.0,1.0
2011-01-10,上涨,-1.0,1.0
2011-01-11,上涨,1.0,1.0
2011-01-12,下跌,1.0,1.0
2011-01-13,上涨,-1.0,1.0
2011-01-14,下跌,1.0,1.0
2011-01-17,下跌,-1.0,-1.0
2011-01-18,上涨,-1.0,-1.0
2011-01-19,下跌,1.0,-1.0
2011-01-20,上涨,-1.0,-1.0
2011-01-21,上涨,1.0,-1.0
2011-01-24,上涨,1.0,1.0
2011-01-25,上涨,1.0,1.0
2011-01-26,下跌,1.0,-1.0
2011-01-27,下跌,-1.0,1.0
2011-01-28,下跌,-1.0,-1.0
2011-01-31,下跌,-1.0,-1.0
2011-02-01,下跌,-1.0,-1.0
2011-02-09,上涨,-1.0,-1.0
2011-02-10,上涨,1.0,-1.0
2011-02-11,上涨,1.0,0.0
2011-02-14,下跌,1.0,1.0
2011-02-15,下跌,-1.0,1.0
2011-02-16,下跌,-1.0,1.0
2011-02-17,下跌,-1.0,1.0
2011-02-18,上涨,-1.0,1.0
2011-02-21,下跌,1.0,-1.0
2011-02-22,上涨,-1.0,-1.0
2011-02-23,上涨,1.0,-1.0
2011-02-24,下跌,1.0,-1.0
2011-02-25,上涨,-1.0,-1.0
2011-02-28,上涨,1.0,-1.0
2011-03-01,下跌,1.0,1.0
2011-03-02,下跌,-1.0,1.0
2011-03-03,上涨,-1.0,1.0
2011-03-04,上涨,1.0,1.0
2011-03-07,上涨,1.0,1.0
2011-03-08,横盘,1.0,1.0
2011-03-09,下跌,0.0,1.0
2011-03-10,下跌,-1.0,1.0
2011-03-11,下跌,-1.0,-1.0
2011-03-14,下跌,-1.0,-1.0
2011-03-15,上涨,-1.0,-1.0
2011-03-16,下跌,1.0,-1.0
2011-03-17,上涨,-1.0,-1.0
2011-03-18,上涨,1.0,-1.0
2011-03-21,横盘,1.0,0.0
2011-03-22,上涨,0.0,1.0
2011-03-23,下跌,1.0,1.0
2011-03-24,上涨,-1.0,1.0
2011-03-25,上涨,1.0,1.0
2011-03-28,下跌,1.0,1.0
2011-03-29,上涨,-1.0,1.0
2011-03-30,上涨,1.0,1.0
2011-04-01,上涨,1.0,1.0
2011-04-06,上涨,1.0,1.0
2011-04-07,下跌,1.0,1.0
2011-04-11,上涨,-1.0,1.0
2011-04-12,上涨,1.0,1.0
2011-04-13,下跌,1.0,1.0
2011-04-14,上涨,-1.0,-1.0
2011-04-15,上涨,1.0,-1.0
2011-04-18,下跌,1.0,1.0
2011-04-19,下跌,-1.0,-1.0
2011-04-20,上涨,-1.0,-1.0
2011-04-21,下跌,1.0,-1.0
2011-04-22,下跌,-1.0,-1.0
2011-04-25,上涨,-1.0,-1.0
2011-04-26,下跌,1.0,-1.0
2011-04-27,下跌,-1.0,-1.0
2011-04-28,上涨,-1.0,-1.0
2011-04-29,上涨,1.0,-1.0
2011-05-03,下跌,1.0,-1.0
2011-05-04,上涨,-1.0,-1.0
2011-05-05,下跌,1.0,-1.0
2011-05-06,上涨,-1.0,-1.0
2011-05-09,上涨,1.0,-1.0
2011-05-10,下跌,1.0,-1.0
2011-05-11,下跌,-1.0,-1.0
2011-05-12,上涨,-1.0,-1.0
2011-05-13,上涨,1.0,1.0
2011-05-16,上涨,1.0,1.0
2011-05-17,上涨,1.0,1.0
2011-05-18,下跌,1.0,1.0
2011-05-19,下跌,-1.0,1.0
2011-05-20,下跌,-1.0,-1.0
2011-05-23,横盘,-1.0,-1.0
2011-05-24,下跌,0.0,-1.0
2011-05-25,上涨,-1.0,-1.0
2011-05-26,上涨,1.0,-1.0
2011-05-27,下跌,1.0,-1.0
2011-05-30,上涨,-1.0,-1.0
2011-05-31,下跌,1.0,-1.0
2011-06-01,下跌,-1.0,1.0
2011-06-02,上涨,-1.0,-1.0
2011-06-03,上涨,1.0,-1.0
2011-06-07,上涨,1.0,1.0
2011-06-08,下跌,1.0,1.0
2011-06-09,上涨,-1.0,1.0
2011-06-10,下跌,1.0,1.0
2011-06-13,上涨,-1.0,1.0
2011-06-14,下跌,1.0,1.0
2011-06-15,下跌,-1.0,-1.0
2011-06-16,上涨,-1.0,1.0
2011-06-17,上涨,1.0,1.0
2011-06-20,上涨,1.0,1.0
2011-06-21,下跌,1.0,1.0
2011-06-22,上涨,-1.0,1.0
2011-06-23,上涨,1.0,1.0
2011-06-24,下跌,1.0,1.0
2011-06-27,上涨,-1.0,1.0
2011-06-28,下跌,1.0,1.0
2011-06-29,上涨,-1.0,1.0
2011-06-30,上涨,1.0,1.0
2011-07-01,上涨,1.0,1.0
2011-07-04,上涨,1.0,1.0
2011-07-05,下跌,1.0,1.0
2011-07-06,下跌,-1.0,1.0
2011-07-07,上涨,-1.0,1.0
2011-07-08,下跌,1.0,1.0
2011-07-11,下跌,-1.0,1.0
2011-07-12,上涨,-1.0,-1.0
2011-07-13,下跌,1.0,-1.0
2011-07-14,下跌,-1.0,-1.0
2011-07-15,下跌,-1.0,-1.0
2011-07-18,上涨,-1.0,-1.0
2011-07-19,下跌,1.0,-1.0
2011-07-20,下跌,-1.0,-1.0
2011-07-21,上涨,-1.0,-1.0
2011-07-22,下跌,1.0,-1.0
2011-07-25,上涨,-1.0,-1.0
2011-07-26,下跌,1.0,-1.0
2011-07-27,下跌,-1.0,-1.0
2011-07-28,上涨,-1.0,-1.0
2011-07-29,上涨,1.0,-1.0
2011-08-01,下跌,1.0,1.0
2011-08-02,上涨,-1.0,1.0
2011-08-03,下跌,1.0,1.0
2011-08-04,下跌,-1.0,1.0
2011-08-05,下跌,-1.0,1.0
2011-08-08,上涨,-1.0,-1.0
2011-08-09,上涨,1.0,1.0
2011-08-10,上涨,1.0,1.0
2011-08-11,下跌,1.0,1.0
2011-08-12,上涨,-1.0,1.0
2011-08-15,下跌,1.0,1.0
2011-08-16,下跌,-1.0,1.0
2011-08-17,下跌,-1.0,-1.0
2011-08-18,横盘,-1.0,-1.0
2011-08-19,下跌,0.0,-1.0
2011-08-22,上涨,-1.0,-1.0
2011-08-23,下跌,1.0,-1.0
2011-08-24,上涨,-1.0,-1.0
2011-08-25,下跌,1.0,1.0
2011-08-26,下跌,-1.0,1.0
2011-08-29,下跌,-1.0,1.0
2011-08-30,上涨,-1.0,-1.0
2011-08-31,下跌,1.0,-1.0
2011-09-01,下跌,-1.0,-1.0
2011-09-02,下跌,-1.0,-1.0
2011-09-05,下跌,-1.0,-1.0
2011-09-06,上涨,-1.0,-1.0
2011-09-07,下跌,1.0,-1.0
2011-09-08,下跌,-1.0,-1.0
2011-09-09,下跌,-1.0,-1.0
2011-09-13,上涨,-1.0,1.0
2011-09-14,上涨,1.0,1.0
2011-09-15,下跌,1.0,-1.0
2011-09-16,下跌,-1.0,-1.0
2011-09-19,下跌,-1.0,-1.0
2011-09-20,上涨,-1.0,-1.0
2011-09-21,下跌,1.0,-1.0
2011-09-22,下跌,-1.0,-1.0
2011-09-23,下跌,-1.0,-1.0
2011-09-26,上涨,-1.0,-1.0
2011-09-27,下跌,1.0,-1.0
2011-09-28,上涨,-1.0,-1.0
2011-09-29,上涨,1.0,-1.0
2011-09-30,下跌,1.0,-1.0
2011-10-10,上涨,-1.0,-1.0
2011-10-11,上涨,1.0,-1.0
2011-10-12,上涨,1.0,1.0
2011-10-13,下跌,1.0,1.0
2011-10-14,下跌,-1.0,1.0
2011-10-17,下跌,-1.0,1.0
2011-10-18,下跌,-1.0,1.0
2011-10-19,下跌,-1.0,-1.0
2011-10-20,下跌,-1.0,-1.0
2011-10-21,上涨,-1.0,-1.0
2011-10-24,上涨,1.0,-1.0
2011-10-25,上涨,1.0,1.0
2011-10-26,上涨,1.0,1.0
2011-10-27,上涨,1.0,1.0
2011-10-28,上涨,1.0,1.0
2011-10-31,下跌,1.0,1.0
2011-11-01,上涨,-1.0,1.0
2011-11-02,下跌,1.0,1.0
2011-11-03,上涨,-1.0,1.0
2011-11-04,下跌,1.0,-1.0
2011-11-07,横盘,-1.0,-1.0
2011-11-08,下跌,0.0,-1.0
2011-11-09,下跌,-1.0,-1.0
2011-11-10,下跌,-1.0,-1.0
2011-11-11,上涨,-1.0,-1.0
2011-11-14,下跌,1.0,-1.0
2011-11-15,下跌,-1.0,-1.0
2011-11-16,上涨,-1.0,-1.0
2011-11-17,下跌,1.0,-1.0
2011-11-18,横盘,-1.0,-1.0
2011-11-21,上涨,0.0,-1.0
2011-11-22,下跌,1.0,-1.0
2011-11-23,上涨,-1.0,-1.0
2011-11-24,下跌,1.0,-1.0
2011-11-25,下跌,-1.0,1.0
2011-11-28,上涨,-1.0,-1.0
2011-11-29,下跌,1.0,1.0
2011-11-30,上涨,-1.0,-1.0
2011-12-01,下跌,1.0,1.0
2011-12-02,下跌,-1.0,1.0
2011-12-05,上涨,-1.0,1.0
2011-12-06,上涨,1.0,1.0
2011-12-07,上涨,1.0,1.0
2011-12-08,上涨,1.0,1.0
2011-12-09,下跌,1.0,1.0
2011-12-12,下跌,-1.0,1.0
2011-12-13,下跌,-1.0,-1.0
2011-12-14,上涨,-1.0,-1.0
2011-12-15,上涨,1.0,-1.0
2011-12-16,横盘,1.0,-1.0
2011-12-19,上涨,0.0,1.0
2011-12-20,下跌,1.0,1.0
2011-12-21,上涨,-1.0,1.0
2011-12-22,上涨,1.0,1.0
2011-12-23,下跌,1.0,1.0
2011-12-26,下跌,-1.0,1.0
2011-12-27,下跌,-1.0,-1.0
2011-12-28,下跌,-1.0,1.0
2011-12-29,上涨,-1.0,-1.0
2011-12-30,下跌,1.0,-1.0
2012-01-04,下跌,-1.0,-1.0
2012-01-05,下跌,-1.0,-1.0
2012-01-06,上涨,-1.0,-1.0
2012-01-09,上涨,1.0,1.0
2012-01-10,下跌,1.0,1.0
2012-01-11,上涨,-1.0,1.0
2012-01-12,下跌,1.0,1.0
2012-01-13,下跌,-1.0,1.0
2012-01-16,上涨,-1.0,-1.0
2012-01-17,下跌,1.0,1.0
2012-01-18,上涨,-1.0,1.0
2012-01-19,上涨,1.0,1.0
2012-01-20,下跌,1.0,1.0
2012-01-30,上涨,-1.0,1.0
2012-01-31,下跌,1.0,1.0
2012-02-01,上涨,-1.0,1.0
2012-02-02,上涨,1.0,-1.0
2012-02-03,下跌,1.0,-1.0
2012-02-06,下跌,-1.0,1.0
2012-02-07,上涨,-1.0,-1.0
2012-02-08,上涨,1.0,1.0
2012-02-09,上涨,1.0,1.0
2012-02-10,下跌,1.0,1.0
2012-02-13,横盘,-1.0,1.0
2012-02-14,上涨,0.0,1.0
2012-02-15,下跌,1.0,1.0
2012-02-16,横盘,-1.0,1.0
2012-02-17,上涨,0.0,-1.0
2012-02-20,上涨,1.0,1.0
2012-02-21,上涨,1.0,1.0
2012-02-22,横盘,1.0,1.0
2012-02-23,上涨,0.0,1.0
2012-02-24,上涨,1.0,1.0
2012-02-27,下跌,1.0,1.0
2012-02-28,下跌,-1.0,1.0
2012-02-29,上涨,-1.0,1.0
2012-03-01,上涨,1.0,1.0
2012-03-02,下跌,1.0,1.0
2012-03-05,下跌,-1.0,-1.0
2012-03-06,横盘,-1.0,-1.0
2012-03-07,上涨,0.0,1.0
2012-03-08,下跌,1.0,1.0
2012-03-09,下跌,-1.0,-1.0
2012-03-12,上涨,-1.0,-1.0
2012-03-13,下跌,1.0,1.0
2012-03-14,下跌,-1.0,-1.0
2012-03-15,上涨,-1.0,-1.0
2012-03-16,下跌,1.0,-1.0
2012-03-19,下跌,-1.0,-1.0
2012-03-20,上涨,-1.0,-1.0
2012-03-21,上涨,1.0,-1.0
2012-03-22,下跌,1.0,1.0
2012-03-23,下跌,-1.0,-1.0
2012-03-26,横盘,-1.0,-1.0
2012-03-27,下跌,0.0,-1.0
2012-03-28,上涨,-1.0,-1.0
2012-03-29,上涨,1.0,-1.0
2012-03-30,上涨,1.0,1.0
2012-04-05,上涨,1.0,1.0
2012-04-06,下跌,1.0,1.0
2012-04-09,上涨,-1.0,1.0
2012-04-10,上涨,1.0,1.0
2012-04-11,上涨,1.0,1.0
2012-04-12,下跌,1.0,1.0
2012-04-13,下跌,-1.0,1.0
2012-04-16,下跌,-1.0,1.0
2012-04-17,上涨,-1.0,-1.0
2012-04-18,下跌,1.0,1.0
2012-04-19,上涨,-1.0,-1.0
2012-04-20,下跌,1.0,1.0
2012-04-23,上涨,-1.0,1.0
2012-04-24,上涨,1.0,1.0
2012-04-25,上涨,1.0,1.0
2012-04-26,上涨,1.0,1.0
2012-04-27,上涨,1.0,1.0
2012-05-02,下跌,1.0,1.0
2012-05-03,上涨,-1.0,1.0
2012-05-04,下跌,1.0,1.0
2012-05-07,下跌,-1.0,1.0
2012-05-08,下跌,-1.0,1.0
2012-05-09,横盘,-1.0,-1.0
2012-05-10,下跌,0.0,-1.0
2012-05-14,下跌,-1.0,-1.0
2012-05-15,下跌,-1.0,-1.0
2012-05-16,上涨,-1.0,-1.0
2012-05-17,下跌,1.0,-1.0
2012-05-18,上涨,-1.0,-1.0
2012-05-21,上涨,1.0,-1.0
2012-05-22,上涨,1.0,1.0
2012-05-23,下跌,1.0,1.0
2012-05-24,下跌,-1.0,1.0
2012-05-25,上涨,-1.0,1.0
2012-05-28,上涨,1.0,1.0
2012-05-29,上涨,1.0,1.0
2012-05-30,下跌,1.0,1.0
2012-05-31,下跌,-1.0,1.0
2012-06-01,下跌,-1.0,1.0
2012-06-04,上涨,-1.0,-1.0
2012-06-05,下跌,1.0,-1.0
2012-06-06,下跌,-1.0,-1.0
2012-06-07,下跌,-1.0,-1.0
2012-06-08,上涨,-1.0,-1.0
2012-06-11,上涨,1.0,1.0
2012-06-12,上涨,1.0,1.0
2012-06-13,上涨,1.0,1.0
2012-06-14,下跌,1.0,1.0
2012-06-15,上涨,-1.0,1.0
2012-06-18,下跌,1.0,-1.0
2012-06-19,下跌,-1.0,-1.0
2012-06-20,横盘,-1.0,-1.0
2012-06-21,下跌,0.0,-1.0
2012-06-25,上涨,-1.0,-1.0
2012-06-26,横盘,1.0,-1.0
2012-06-27,下跌,0.0,-1.0
2012-06-28,上涨,-1.0,-1.0
2012-06-29,上涨,1.0,-1.0
2012-07-02,上涨,1.0,1.0
2012-07-03,下跌,1.0,1.0
2012-07-04,上涨,-1.0,1.0
2012-07-05,上涨,1.0,1.0
2012-07-06,上涨,1.0,1.0
2012-07-09,下跌,1.0,1.0
2012-07-10,下跌,-1.0,1.0
2012-07-11,上涨,-1.0,1.0
2012-07-12,上涨,1.0,1.0
2012-07-13,下跌,1.0,1.0
2012-07-16,上涨,-1.0,1.0
2012-07-17,下跌,1.0,1.0
2012-07-18,上涨,-1.0,1.0
2012-07-19,下跌,1.0,-1.0
2012-07-20,下跌,-1.0,-1.0
2012-07-23,上涨,-1.0,-1.0
2012-07-24,下跌,1.0,-1.0
2012-07-25,下跌,-1.0,-1.0
2012-07-26,上涨,-1.0,-1.0
2012-07-27,上涨,1.0,-1.0
2012-07-30,上涨,1.0,-1.0
2012-07-31,上涨,1.0,-1.0
2012-08-01,下跌,1.0,1.0
2012-08-02,横盘,-1.0,-1.0
2012-08-03,上涨,0.0,-1.0
2012-08-06,上涨,1.0,-1.0
2012-08-07,上涨,1.0,-1.0
2012-08-08,上涨,1.0,-1.0
2012-08-09,下跌,1.0,1.0
2012-08-10,下跌,-1.0,1.0
2012-08-13,上涨,-1.0,-1.0
2012-08-14,下跌,1.0,-1.0
2012-08-15,上涨,-1.0,-1.0
2012-08-16,下跌,1.0,-1.0
2012-08-17,下跌,-1.0,-1.0
2012-08-20,下跌,-1.0,1.0
2012-08-21,下跌,-1.0,-1.0
2012-08-22,下跌,-1.0,-1.0
2012-08-23,上涨,-1.0,-1.0
2012-08-24,下跌,1.0,-1.0
2012-08-27,下跌,-1.0,-1.0
2012-08-28,下跌,-1.0,-1.0
2012-08-29,上涨,-1.0,-1.0
2012-08-30,上涨,1.0,-1.0
2012-08-31,上涨,1.0,-1.0
2012-09-03,下跌,1.0,1.0
2012-09-04,上涨,-1.0,1.0
2012-09-05,上涨,1.0,1.0
2012-09-06,上涨,1.0,1.0
2012-09-07,上涨,1.0,1.0
2012-09-10,下跌,1.0,1.0
2012-09-11,下跌,-1.0,1.0
2012-09-12,下跌,-1.0,1.0
2012-09-13,下跌,-1.0,1.0
2012-09-14,下跌,-1.0,-1.0
2012-09-17,下跌,-1.0,-1.0
2012-09-18,上涨,-1.0,-1.0
2012-09-19,下跌,1.0,-1.0
2012-09-20,下跌,-1.0,-1.0
2012-09-21,上涨,-1.0,-1.0
2012-09-24,上涨,1.0,-1.0
2012-09-25,下跌,1.0,-1.0
2012-09-26,上涨,-1.0,-1.0
2012-09-27,上涨,1.0,1.0
2012-09-28,下跌,1.0,1.0
2012-10-08,上涨,-1.0,1.0
2012-10-09,横盘,1.0,1.0
2012-10-10,下跌,0.0,1.0
2012-10-11,下跌,-1.0,1.0
2012-10-12,下跌,-1.0,-1.0
2012-10-15,下跌,-1.0,1.0
2012-10-16,下跌,-1.0,-1.0
2012-10-17,上涨,-1.0,-1.0
2012-10-18,下跌,1.0,1.0
2012-10-19,横盘,-1.0,1.0
2012-10-22,下跌,0.0,1.0
2012-10-23,上涨,-1.0,1.0
2012-10-24,下跌,1.0,1.0
2012-10-25,下跌,-1.0,-1.0
2012-10-26,上涨,-1.0,-1.0
2012-10-29,上涨,1.0,-1.0
2012-10-30,上涨,1.0,-1.0
2012-10-31,上涨,1.0,-1.0
2012-11-01,上涨,1.0,1.0
2012-11-02,上涨,1.0,1.0
2012-11-05,下跌,1.0,1.0
2012-11-06,下跌,-1.0,1.0
2012-11-07,下跌,-1.0,1.0
2012-11-08,下跌,-1.0,-1.0
2012-11-09,上涨,-1.0,-1.0
2012-11-12,下跌,1.0,-1.0
2012-11-13,横盘,-1.0,-1.0
2012-11-14,下跌,0.0,-1.0
2012-11-15,下跌,-1.0,-1.0
2012-11-16,下跌,-1.0,-1.0
2012-11-19,上涨,-1.0,-1.0
2012-11-20,上涨,1.0,-1.0
2012-11-21,上涨,1.0,0.0
2012-11-22,上涨,1.0,1.0
2012-11-23,下跌,1.0,1.0
2012-11-26,上涨,-1.0,1.0
2012-11-27,下跌,1.0,1.0
2012-11-28,上涨,-1.0,-1.0
2012-11-29,上涨,1.0,1.0
2012-11-30,上涨,1.0,1.0
2012-12-03,上涨,1.0,1.0
2012-12-04,上涨,1.0,1.0
2012-12-05,上涨,1.0,1.0
2012-12-06,下跌,1.0,1.0
2012-12-07,上涨,-1.0,1.0
2012-12-10,下跌,1.0,1.0
2012-12-11,横盘,-1.0,1.0
2012-12-12,上涨,0.0,1.0
2012-12-13,上涨,1.0,1.0
2012-12-14,下跌,1.0,1.0
2012-12-17,下跌,-1.0,1.0
2012-12-18,上涨,-1.0,-1.0
2012-12-19,上涨,1.0,1.0
2012-12-20,下跌,1.0,1.0
2012-12-21,上涨,-1.0,-1.0
2012-12-24,上涨,1.0,-1.0
2012-12-25,上涨,1.0,1.0
2013-01-21,上涨,1.0,1.0
2013-01-22,下跌,1.0,1.0
2013-01-23,上涨,-1.0,1.0
2013-01-24,下跌,1.0,1.0
2013-01-25,上涨,-1.0,1.0
2013-01-28,上涨,1.0,1.0
2013-01-29,上涨,1.0,1.0
2013-01-30,下跌,1.0,1.0
2013-01-31,下跌,-1.0,1.0
2013-02-01,下跌,-1.0,1.0
2013-02-04,上涨,-1.0,-1.0
2013-02-05,下跌,1.0,1.0
2013-02-06,下跌,-1.0,-1.0
2013-02-07,上涨,-1.0,-1.0
2013-02-08,下跌,1.0,1.0
2013-02-18,下跌,-1.0,-1.0
2013-02-19,上涨,-1.0,-1.0
2013-02-20,下跌,1.0,-1.0
2013-02-21,上涨,-1.0,-1.0
2013-02-22,下跌,1.0,-1.0
2013-02-25,下跌,-1.0,-1.0
2013-02-26,上涨,-1.0,-1.0
2013-02-27,上涨,1.0,-1.0
2013-02-28,上涨,1.0,1.0
2013-03-01,下跌,1.0,1.0
2013-03-04,上涨,-1.0,-1.0
2013-03-05,上涨,1.0,1.0
2013-03-06,上涨,1.0,-1.0
2013-03-07,下跌,1.0,-1.0
2013-03-08,上涨,-1.0,-1.0
2013-03-11,上涨,1.0,1.0
2013-03-12,下跌,1.0,1.0
2013-03-13,下跌,-1.0,-1.0
2013-03-14,下跌,-1.0,-1.0
2013-03-15,上涨,-1.0,-1.0
2013-03-18,上涨,1.0,-1.0
2013-03-19,上涨,1.0,-1.0
2013-03-20,下跌,1.0,1.0
2013-03-21,下跌,-1.0,1.0
2013-03-22,上涨,-1.0,1.0
2013-03-25,下跌,1.0,1.0
2013-03-26,上涨,-1.0,1.0
2013-03-27,下跌,1.0,1.0
2013-03-28,下跌,-1.0,-1.0
2013-03-29,上涨,-1.0,-1.0
2013-04-01,上涨,1.0,-1.0
2013-04-02,横盘,1.0,1.0
2013-04-03,下跌,0.0,-1.0
2013-04-08,上涨,-1.0,1.0
2013-04-09,上涨,1.0,1.0
2013-04-10,下跌,1.0,1.0
2013-04-11,下跌,-1.0,-1.0
2013-04-12,上涨,-1.0,-1.0
2013-04-15,上涨,1.0,1.0
2013-04-16,上涨,1.0,1.0
2013-04-17,上涨,1.0,1.0
2013-04-18,上涨,1.0,1.0
2013-04-19,下跌,1.0,1.0
2013-04-22,下跌,-1.0,1.0
2013-04-23,上涨,-1.0,-1.0
2013-04-24,下跌,1.0,-1.0
2013-04-25,上涨,-1.0,-1.0
2013-04-26,上涨,1.0,-1.0
2013-05-02,上涨,1.0,-1.0
2013-05-03,下跌,1.0,1.0
2013-05-06,上涨,-1.0,1.0
2013-05-07,上涨,1.0,1.0
2013-05-08,下跌,1.0,1.0
2013-05-09,上涨,-1.0,1.0
2013-05-10,下跌,1.0,1.0
2013-05-13,下跌,-1.0,1.0
2013-05-14,下跌,-1.0,-1.0
2013-05-15,上涨,-1.0,-1.0
2013-05-16,上涨,1.0,1.0
2013-05-17,下跌,1.0,1.0
2013-05-20,上涨,-1.0,1.0
2013-05-21,上涨,1.0,1.0
2013-05-22,下跌,1.0,1.0
2013-05-23,下跌,-1.0,1.0
2013-05-24,下跌,-1.0,-1.0
2013-05-27,上涨,-1.0,-1.0
2013-05-28,下跌,1.0,1.0
2013-05-29,下跌,-1.0,1.0
2013-05-30,下跌,-1.0,1.0
2013-05-31,上涨,-1.0,1.0
2013-06-03,下跌,1.0,1.0
2013-06-04,下跌,-1.0,-1.0
2013-06-05,下跌,-1.0,-1.0
2013-06-06,下跌,-1.0,-1.0
2013-06-07,下跌,-1.0,-1.0
2013-06-13,上涨,-1.0,-1.0
2013-06-14,下跌,1.0,-1.0
2013-06-17,上涨,-1.0,-1.0
2013-06-18,下跌,1.0,-1.0
2013-06-19,下跌,-1.0,-1.0
2013-06-20,下跌,-1.0,-1.0
2013-06-21,下跌,-1.0,-1.0
2013-06-24,下跌,-1.0,-1.0
2013-06-25,上涨,-1.0,-1.0
2013-06-26,上涨,1.0,-1.0
2013-06-27,上涨,1.0,-1.0
2013-06-28,上涨,1.0,-1.0
2013-07-01,下跌,1.0,1.0
2013-07-02,下跌,-1.0,1.0
2013-07-03,上涨,-1.0,1.0
2013-07-04,上涨,1.0,1.0
2013-07-05,下跌,1.0,1.0
2013-07-08,下跌,-1.0,1.0
2013-07-09,上涨,-1.0,-1.0
2013-07-10,上涨,1.0,1.0
2013-07-11,下跌,1.0,1.0
2013-07-12,上涨,-1.0,1.0
2013-07-15,横盘,1.0,1.0
2013-07-16,下跌,0.0,1.0
2013-07-17,下跌,-1.0,1.0
2013-07-18,下跌,-1.0,-1.0
2013-07-19,下跌,-1.0,-1.0
2013-07-22,上涨,-1.0,-1.0
2013-07-23,下跌,1.0,-1.0
2013-07-24,下跌,-1.0,-1.0
2013-07-25,下跌,-1.0,-1.0
2013-07-26,下跌,-1.0,-1.0
2013-07-29,上涨,-1.0,-1.0
2013-07-30,上涨,1.0,-1.0
2013-07-31,上涨,1.0,-1.0
2013-08-01,上涨,1.0,1.0
2013-08-02,上涨,1.0,1.0
2013-08-05,下跌,1.0,1.0
2013-08-06,上涨,-1.0,1.0
2013-08-07,下跌,1.0,1.0
2013-08-08,下跌,-1.0,1.0
2013-08-09,上涨,-1.0,-1.0
2013-08-12,上涨,1.0,1.0
2013-08-13,下跌,1.0,1.0
2013-08-14,下跌,-1.0,1.0
2013-08-15,下跌,-1.0,1.0
2013-08-16,上涨,-1.0,1.0
2013-08-19,下跌,1.0,-1.0
2013-08-20,下跌,-1.0,-1.0
2013-08-21,下跌,-1.0,-1.0
2013-08-22,下跌,-1.0,-1.0
2013-08-23,上涨,-1.0,-1.0
2013-08-26,下跌,1.0,-1.0
2013-08-27,下跌,-1.0,-1.0
2013-08-28,上涨,-1.0,-1.0
2013-08-29,下跌,1.0,-1.0
2013-08-30,下跌,-1.0,-1.0
2013-09-02,上涨,-1.0,-1.0
2013-09-03,下跌,1.0,1.0
2013-09-04,上涨,-1.0,1.0
2013-09-05,下跌,1.0,1.0
2013-09-06,上涨,-1.0,1.0
2013-09-09,上涨,1.0,1.0
2013-09-10,上涨,1.0,1.0
2013-09-11,下跌,1.0,1.0
2013-09-12,下跌,-1.0,1.0
2013-09-13,下跌,-1.0,1.0
2013-09-16,下跌,-1.0,-1.0
2013-09-17,上涨,-1.0,-1.0
2013-09-18,上涨,1.0,-1.0
2013-09-23,下跌,1.0,-1.0
2013-09-24,下跌,-1.0,-1.0
2013-09-25,下跌,-1.0,-1.0
2013-09-26,上涨,-1.0,-1.0
2013-09-27,上涨,1.0,-1.0
2013-09-30,上涨,1.0,-1.0
2013-10-08,下跌,1.0,1.0
2013-10-09,上涨,-1.0,1.0
2013-10-10,上涨,1.0,1.0
2013-10-11,下跌,1.0,1.0
2013-10-14,下跌,-1.0,1.0
2013-10-15,下跌,-1.0,-1.0
2013-10-16,横盘,-1.0,-1.0
2013-10-17,上涨,0.0,-1.0
2013-10-18,上涨,1.0,-1.0
2013-10-21,下跌,1.0,-1.0
2013-10-22,下跌,-1.0,-1.0
2013-10-23,下跌,-1.0,0.0
2013-10-24,下跌,-1.0,-1.0
2013-10-25,下跌,-1.0,-1.0
2013-10-28,上涨,-1.0,-1.0
2013-10-29,上涨,1.0,-1.0
2013-10-30,上涨,1.0,1.0
2013-10-31,上涨,1.0,1.0
2013-11-01,下跌,1.0,1.0
2013-11-04,横盘,-1.0,1.0
2013-11-05,下跌,0.0,1.0
2013-11-06,下跌,-1.0,-1.0
2013-11-07,下跌,-1.0,-1.0
2013-11-08,下跌,-1.0,-1.0
2013-11-11,上涨,-1.0,-1.0
2013-11-12,下跌,1.0,-1.0
2013-11-13,下跌,-1.0,-1.0
2013-11-14,上涨,-1.0,-1.0
2013-11-15,上涨,1.0,1.0
2013-11-18,下跌,1.0,1.0
2013-11-19,上涨,-1.0,1.0
2013-11-20,下跌,1.0,1.0
2013-11-21,下跌,-1.0,1.0
2013-11-22,下跌,-1.0,-1.0
2013-11-25,下跌,-1.0,-1.0
2013-11-26,上涨,-1.0,-1.0
2013-11-27,上涨,1.0,-1.0
2013-11-28,上涨,1.0,-1.0
2013-11-29,下跌,1.0,1.0
2013-12-02,上涨,-1.0,-1.0
2013-12-03,上涨,1.0,1.0
2013-12-04,横盘,1.0,1.0
2013-12-05,下跌,0.0,1.0
2013-12-06,下跌,-1.0,-1.0
2013-12-09,上涨,-1.0,1.0
2013-12-10,下跌,1.0,1.0
2013-12-11,下跌,-1.0,-1.0
2013-12-12,上涨,-1.0,-1.0
2013-12-13,下跌,1.0,-1.0
2013-12-16,下跌,-1.0,-1.0
2013-12-17,下跌,-1.0,-1.0
2013-12-18,下跌,-1.0,-1.0
2013-12-19,下跌,-1.0,-1.0
2013-12-20,下跌,-1.0,-1.0
2013-12-23,上涨,-1.0,-1.0
2013-12-24,上涨,1.0,-1.0
2013-12-25,下跌,1.0,-1.0
2013-12-26,上涨,-1.0,-1.0
2013-12-27,下跌,1.0,1.0
2013-12-30,上涨,-1.0,1.0
2013-12-31,下跌,1.0,1.0
2014-01-02,下跌,-1.0,1.0
2014-01-03,下跌,-1.0,1.0
2014-01-06,下跌,-1.0,-1.0
2014-01-07,下跌,-1.0,-1.0
2014-01-08,上涨,-1.0,-1.0
2014-01-09,下跌,1.0,-1.0
2014-01-10,下跌,-1.0,-1.0
2014-01-13,下跌,-1.0,-1.0
2014-01-14,下跌,-1.0,-1.0
2014-01-15,上涨,-1.0,-1.0
2014-01-16,下跌,1.0,-1.0
2014-01-17,上涨,-1.0,-1.0
2014-01-20,上涨,1.0,-1.0
2014-01-21,上涨,1.0,-1.0
2014-01-22,下跌,1.0,1.0
2014-01-23,上涨,-1.0,1.0
2014-01-24,下跌,1.0,1.0
2014-01-27,下跌,-1.0,1.0
2014-01-28,下跌,-1.0,1.0
2014-01-29,下跌,-1.0,-1.0
2014-01-30,上涨,-1.0,-1.0
2014-02-07,上涨,1.0,-1.0
2014-02-10,上涨,1.0,-1.0
2014-02-11,下跌,1.0,-1.0
2014-02-12,下跌,-1.0,-1.0
2014-02-13,下跌,-1.0,1.0
2014-02-14,横盘,-1.0,-1.0
2014-02-17,下跌,0.0,-1.0
2014-02-18,上涨,-1.0,-1.0
2014-02-19,下跌,1.0,-1.0
2014-02-20,下跌,-1.0,-1.0
2014-02-21,下跌,-1.0,-1.0
2014-02-24,下跌,-1.0,-1.0
2014-02-25,上涨,-1.0,-1.0
2014-02-26,下跌,1.0,-1.0
2014-02-27,上涨,-1.0,-1.0
2014-02-28,下跌,1.0,-1.0
2014-03-03,上涨,-1.0,-1.0
2014-03-04,下跌,1.0,1.0
2014-03-05,上涨,-1.0,1.0
2014-03-06,下跌,1.0,1.0
2014-03-07,下跌,-1.0,1.0
2014-03-10,上涨,-1.0,1.0
2014-03-11,上涨,1.0,1.0
2014-03-12,上涨,1.0,1.0
2014-03-13,下跌,1.0,1.0
2014-03-14,上涨,-1.0,1.0
2014-03-17,下跌,1.0,1.0
2014-03-18,下跌,-1.0,1.0
2014-03-19,上涨,-1.0,-1.0
2014-03-20,上涨,1.0,-1.0
2014-03-21,上涨,1.0,1.0
2014-03-24,下跌,1.0,1.0
2014-03-25,下跌,-1.0,1.0
2014-03-26,上涨,-1.0,1.0
2014-03-27,上涨,1.0,1.0
2014-03-28,下跌,1.0,1.0
2014-03-31,下跌,-1.0,1.0
2014-04-01,上涨,-1.0,1.0
2014-04-02,下跌,1.0,1.0
2014-04-03,上涨,-1.0,1.0
2014-04-04,上涨,1.0,-1.0
2014-04-08,下跌,1.0,1.0
2014-04-09,横盘,-1.0,-1.0
2014-04-10,下跌,0.0,-1.0
2014-04-11,下跌,-1.0,-1.0
2014-04-14,下跌,-1.0,-1.0
2014-04-15,上涨,-1.0,-1.0
2014-04-16,下跌,1.0,-1.0
2014-04-17,上涨,-1.0,-1.0
2014-04-18,下跌,1.0,-1.0
2014-04-21,上涨,-1.0,-1.0
2014-04-22,上涨,1.0,-1.0
2014-04-23,上涨,1.0,-1.0
2014-04-24,下跌,1.0,1.0
2014-04-25,上涨,-1.0,1.0
2014-04-28,下跌,1.0,1.0
2014-04-29,下跌,-1.0,1.0
2014-04-30,下跌,-1.0,1.0
2014-05-05,上涨,-1.0,-1.0
2014-05-06,上涨,1.0,-1.0
2014-05-07,下跌,1.0,-1.0
2014-05-08,下跌,-1.0,-1.0
2014-05-09,上涨,-1.0,-1.0
2014-05-12,上涨,1.0,-1.0
2014-05-13,上涨,1.0,1.0
2014-05-14,下跌,1.0,1.0
2014-05-15,上涨,-1.0,1.0
2014-05-16,下跌,1.0,1.0
2014-05-19,上涨,-1.0,1.0
2014-05-20,横盘,1.0,1.0
2014-05-21,上涨,0.0,1.0
2014-05-22,上涨,1.0,1.0
2014-05-23,下跌,1.0,1.0
2014-05-26,上涨,-1.0,1.0
2014-05-27,上涨,1.0,1.0
2014-05-28,上涨,1.0,1.0
2014-05-29,上涨,1.0,1.0
2014-05-30,下跌,1.0,1.0
2014-06-03,下跌,-1.0,1.0
2014-06-04,上涨,-1.0,1.0
2014-06-05,下跌,1.0,-1.0
2014-06-06,上涨,-1.0,-1.0
2014-06-09,上涨,1.0,-1.0
2014-06-10,上涨,1.0,-1.0
2014-06-11,上涨,1.0,1.0
2014-06-12,上涨,1.0,1.0
2014-06-13,下跌,1.0,1.0
2014-06-16,下跌,-1.0,-1.0
2014-06-17,下跌,-1.0,-1.0
2014-06-18,下跌,-1.0,-1.0
2014-06-19,上涨,-1.0,-1.0
2014-06-20,上涨,1.0,-1.0
2014-06-23,下跌,1.0,-1.0
2014-06-24,上涨,-1.0,-1.0
2014-06-25,上涨,1.0,1.0
2014-06-26,上涨,1.0,1.0
2014-06-27,下跌,1.0,1.0
2014-06-30,下跌,-1.0,1.0
2014-07-01,上涨,-1.0,1.0
2014-07-02,上涨,1.0,-1.0
2014-07-03,上涨,1.0,-1.0
2014-07-04,上涨,1.0,1.0
2014-07-07,下跌,1.0,1.0
2014-07-08,下跌,-1.0,1.0
2014-07-09,上涨,-1.0,1.0
2014-07-10,上涨,1.0,1.0
2014-07-11,上涨,1.0,1.0
2014-07-14,下跌,1.0,1.0
2014-07-15,下跌,-1.0,1.0
2014-07-16,下跌,-1.0,1.0
2014-07-17,上涨,-1.0,-1.0
2014-07-18,上涨,1.0,1.0
2014-07-21,上涨,1.0,1.0
2014-07-22,上涨,1.0,1.0
2014-07-23,上涨,1.0,1.0
2014-07-24,上涨,1.0,1.0
2014-07-25,上涨,1.0,1.0
2014-07-28,上涨,1.0,1.0
2014-07-29,下跌,1.0,1.0
2014-07-30,上涨,-1.0,1.0
2014-07-31,下跌,1.0,1.0
2014-08-01,上涨,-1.0,-1.0
2014-08-04,下跌,1.0,1.0
2014-08-05,下跌,-1.0,-1.0
2014-08-06,下跌,-1.0,-1.0
2014-08-07,下跌,-1.0,-1.0
2014-08-08,上涨,-1.0,-1.0
2014-08-11,下跌,1.0,-1.0
2014-08-12,下跌,-1.0,-1.0
2014-08-13,下跌,-1.0,-1.0
2014-08-14,上涨,-1.0,-1.0
2014-08-15,下跌,1.0,-1.0
2014-08-18,上涨,-1.0,-1.0
2014-08-19,下跌,1.0,-1.0
2014-08-20,上涨,-1.0,-1.0
2014-08-21,上涨,1.0,-1.0
2014-08-22,下跌,1.0,-1.0
2014-08-25,横盘,-1.0,-1.0
2014-08-26,横盘,0.0,-1.0
2014-08-27,下跌,0.0,-1.0
2014-08-28,上涨,-1.0,-1.0
2014-08-29,上涨,1.0,-1.0
2014-09-01,上涨,1.0,1.0
2014-09-02,上涨,1.0,1.0
2014-09-03,上涨,1.0,1.0
2014-09-04,上涨,1.0,1.0
2014-09-05,下跌,1.0,1.0
2014-09-09,下跌,-1.0,1.0
2014-09-10,下跌,-1.0,1.0
2014-09-11,横盘,-1.0,-1.0
2014-09-12,下跌,0.0,-1.0
2014-09-15,下跌,-1.0,-1.0
2014-09-16,上涨,-1.0,-1.0
2014-09-17,下跌,1.0,-1.0
2014-09-18,上涨,-1.0,-1.0
2014-09-19,下跌,1.0,-1.0
2014-09-22,上涨,-1.0,-1.0
2014-09-23,上涨,1.0,1.0
2014-09-24,下跌,1.0,1.0
2014-09-25,下跌,-1.0,1.0
2014-09-26,下跌,-1.0,1.0
2014-09-29,下跌,-1.0,0.0
2014-09-30,上涨,-1.0,-1.0
2014-10-08,上涨,1.0,0.0
2014-10-09,上涨,1.0,1.0
2014-10-10,上涨,1.0,1.0
2014-10-13,下跌,1.0,1.0
2014-10-14,下跌,-1.0,1.0
2014-10-15,下跌,-1.0,-1.0
2014-10-16,上涨,-1.0,-1.0
2014-10-17,横盘,1.0,-1.0
2014-10-20,下跌,0.0,-1.0
2014-10-21,下跌,-1.0,-1.0
2014-10-22,下跌,-1.0,-1.0
2014-10-23,下跌,-1.0,-1.0
2014-10-24,下跌,-1.0,-1.0
2014-10-27,上涨,-1.0,-1.0
2014-10-28,上涨,1.0,-1.0
2014-10-29,下跌,1.0,1.0
2014-10-30,上涨,-1.0,1.0
2014-10-31,下跌,1.0,1.0
2014-11-03,上涨,-1.0,1.0
2014-11-04,下跌,1.0,1.0
2014-11-05,上涨,-1.0,1.0
2014-11-06,上涨,1.0,1.0
2014-11-07,上涨,1.0,0.0
2014-11-10,上涨,1.0,1.0
2014-11-11,上涨,1.0,1.0
2014-11-12,下跌,1.0,1.0
2014-11-13,上涨,-1.0,1.0
2014-11-14,下跌,1.0,1.0
2014-11-17,下跌,-1.0,-1.0
2014-11-18,下跌,-1.0,-1.0
2014-11-19,上涨,-1.0,-1.0
2014-11-20,上涨,1.0,-1.0
2014-11-21,上涨,1.0,-1.0
2014-11-24,下跌,1.0,1.0
2014-11-25,上涨,-1.0,1.0
2014-11-26,上涨,1.0,1.0
2014-11-27,上涨,1.0,1.0
2014-11-28,下跌,1.0,1.0
2014-12-01,上涨,-1.0,1.0
2014-12-02,上涨,1.0,1.0
2014-12-03,上涨,1.0,1.0
2014-12-04,下跌,1.0,1.0
2014-12-05,上涨,-1.0,1.0
2014-12-08,下跌,1.0,1.0
2014-12-09,上涨,-1.0,1.0
2014-12-10,上涨,1.0,1.0
2014-12-11,下跌,1.0,1.0
2014-12-12,下跌,-1.0,1.0
2014-12-15,上涨,-1.0,-1.0
2014-12-16,上涨,1.0,1.0
2014-12-17,下跌,1.0,-1.0
2014-12-18,下跌,-1.0,-1.0
2014-12-19,上涨,-1.0,-1.0
2014-12-22,上涨,1.0,1.0
2014-12-23,下跌,1.0,1.0
2014-12-24,上涨,-1.0,-1.0
2014-12-25,上涨,1.0,-1.0
2014-12-26,上涨,1.0,1.0
2014-12-29,上涨,1.0,1.0
2014-12-30,上涨,1.0,1.0
2014-12-31,上涨,1.0,1.0
2015-01-05,下跌,1.0,1.0
2015-01-06,下跌,-1.0,1.0
2015-01-07,下跌,-1.0,1.0
2015-01-08,下跌,-1.0,1.0
2015-01-09,下跌,-1.0,-1.0
2015-01-12,下跌,-1.0,-1.0
2015-01-13,上涨,-1.0,-1.0
2015-01-14,上涨,1.0,-1.0
2015-01-15,下跌,1.0,1.0
2015-01-16,下跌,-1.0,1.0
2015-01-19,上涨,-1.0,-1.0
2015-01-20,上涨,1.0,-1.0
2015-01-21,上涨,1.0,-1.0
2015-01-22,上涨,1.0,-1.0
2015-01-23,下跌,1.0,1.0
2015-01-26,下跌,-1.0,1.0
2015-01-27,下跌,-1.0,1.0
2015-01-28,上涨,-1.0,-1.0
2015-01-29,上涨,1.0,-1.0
2015-01-30,下跌,1.0,-1.0
2015-02-02,上涨,-1.0,-1.0
2015-02-03,下跌,1.0,-1.0
2015-02-04,下跌,-1.0,-1.0
2015-02-05,下跌,-1.0,-1.0
2015-02-06,上涨,-1.0,-1.0
2015-02-09,上涨,1.0,-1.0
2015-02-10,下跌,1.0,-1.0
2015-02-11,上涨,-1.0,-1.0
2015-02-12,上涨,1.0,-1.0
2015-02-13,下跌,1.0,1.0
2015-02-16,上涨,-1.0,1.0
2015-02-17,下跌,1.0,1.0
2015-02-25,上涨,-1.0,-1.0
2015-02-26,下跌,1.0,1.0
2015-02-27,上涨,-1.0,-1.0
2015-03-02,下跌,1.0,1.0
2015-03-03,上涨,-1.0,-1.0
2015-03-04,下跌,1.0,-1.0
2015-03-05,上涨,-1.0,-1.0
2015-03-06,上涨,1.0,-1.0
2015-03-09,下跌,1.0,-1.0
2015-03-10,下跌,-1.0,-1.0
2015-03-11,上涨,-1.0,-1.0
2015-03-12,上涨,1.0,1.0
2015-03-13,上涨,1.0,1.0
2015-03-16,上涨,1.0,1.0
2015-03-17,上涨,1.0,1.0
2015-03-18,下跌,1.0,1.0
2015-03-19,上涨,-1.0,1.0
2015-03-20,上涨,1.0,1.0
2015-03-23,下跌,1.0,1.0
2015-03-24,下跌,-1.0,1.0
2015-03-25,上涨,-1.0,-1.0
2015-03-26,上涨,1.0,1.0
2015-03-27,上涨,1.0,1.0
2015-03-30,下跌,1.0,1.0
2015-03-31,下跌,-1.0,1.0
2015-04-01,下跌,-1.0,1.0
2015-04-02,下跌,-1.0,1.0
2015-04-03,上涨,-1.0,1.0
2015-04-07,上涨,1.0,-1.0
2015-04-08,上涨,1.0,0.0
2015-04-09,下跌,1.0,1.0
2015-04-10,上涨,-1.0,1.0
2015-04-13,下跌,1.0,1.0
2015-04-14,下跌,-1.0,1.0
2015-04-15,上涨,-1.0,1.0
2015-04-16,上涨,1.0,-1.0
2015-04-17,下跌,1.0,1.0
2015-04-20,上涨,-1.0,-1.0
2015-04-21,上涨,1.0,1.0
2015-04-22,下跌,1.0,1.0
2015-04-23,下跌,-1.0,1.0
2015-04-24,上涨,-1.0,-1.0
2015-04-27,下跌,1.0,1.0
2015-04-28,上涨,-1.0,-1.0
2015-04-29,上涨,1.0,-1.0
2015-04-30,下跌,1.0,-1.0
2015-05-04,下跌,-1.0,1.0
2015-05-05,下跌,-1.0,-1.0
2015-05-06,上涨,-1.0,-1.0
2015-05-07,上涨,1.0,-1.0
2015-05-08,上涨,1.0,-1.0
2015-05-11,下跌,1.0,-1.0
2015-05-12,上涨,-1.0,1.0
2015-05-13,下跌,1.0,1.0
2015-05-14,下跌,-1.0,1.0
2015-05-15,下跌,-1.0,1.0
2015-05-18,上涨,-1.0,-1.0
2015-05-19,下跌,1.0,1.0
2015-05-20,上涨,-1.0,-1.0
2015-05-21,上涨,1.0,-1.0
2015-05-22,上涨,1.0,1.0
2015-05-25,上涨,1.0,1.0
2015-05-26,下跌,1.0,1.0
2015-05-27,下跌,-1.0,1.0
2015-05-28,横盘,-1.0,1.0
2015-05-29,上涨,0.0,-1.0
2015-06-01,下跌,1.0,-1.0
2015-06-02,上涨,-1.0,-1.0
2015-06-03,下跌,1.0,-1.0
2015-06-04,上涨,-1.0,1.0
2015-06-05,上涨,1.0,1.0
2015-06-08,下跌,1.0,1.0
2015-06-09,下跌,-1.0,1.0
2015-06-10,下跌,-1.0,1.0
2015-06-11,上涨,-1.0,1.0
2015-06-12,下跌,1.0,-1.0
2015-06-15,下跌,-1.0,-1.0
2015-06-16,上涨,-1.0,-1.0
2015-06-17,下跌,1.0,-1.0
2015-06-18,下跌,-1.0,-1.0
2015-06-19,上涨,-1.0,-1.0
2015-06-23,上涨,1.0,-1.0
2015-06-24,下跌,1.0,0.0
2015-06-25,下跌,-1.0,-1.0
2015-06-26,上涨,-1.0,-1.0
2015-06-29,上涨,1.0,1.0
2015-06-30,下跌,1.0,1.0
2015-07-01,下跌,-1.0,-1.0
2015-07-02,下跌,-1.0,1.0
2015-07-03,上涨,-1.0,1.0
2015-07-06,下跌,1.0,1.0
2015-07-07,下跌,-1.0,1.0
2015-07-08,上涨,-1.0,-1.0
2015-07-09,上涨,1.0,1.0
2015-07-10,上涨,1.0,1.0
2015-07-13,下跌,1.0,1.0
2015-07-14,上涨,-1.0,1.0
2015-07-15,下跌,1.0,1.0
2015-07-16,上涨,-1.0,1.0
2015-07-17,上涨,1.0,1.0
2015-07-20,下跌,1.0,1.0
2015-07-21,上涨,-1.0,1.0
2015-07-22,上涨,1.0,1.0
2015-07-23,上涨,1.0,1.0
2015-07-24,下跌,1.0,1.0
2015-07-27,上涨,-1.0,-1.0
2015-07-28,下跌,1.0,1.0
2015-07-29,下跌,-1.0,-1.0
2015-07-30,上涨,-1.0,-1.0
2015-07-31,上涨,1.0,-1.0
2015-08-03,上涨,1.0,1.0
2015-08-04,下跌,1.0,1.0
2015-08-05,下跌,-1.0,-1.0
2015-08-06,上涨,-1.0,1.0
2015-08-07,上涨,1.0,1.0
2015-08-10,上涨,1.0,1.0
2015-08-11,下跌,1.0,1.0
2015-08-12,下跌,-1.0,1.0
2015-08-13,上涨,-1.0,1.0
2015-08-14,下跌,1.0,1.0
2015-08-17,下跌,-1.0,-1.0
2015-08-18,上涨,-1.0,-1.0
2015-08-19,下跌,1.0,-1.0
2015-08-20,下跌,-1.0,-1.0
2015-08-21,下跌,-1.0,-1.0
2015-08-24,下跌,-1.0,-1.0
2015-08-25,上涨,-1.0,-1.0
2015-08-26,下跌,1.0,-1.0
2015-08-27,上涨,-1.0,-1.0
2015-08-28,上涨,1.0,-1.0
2015-08-31,上涨,1.0,1.0
2015-09-01,下跌,1.0,1.0
2015-09-02,下跌,-1.0,1.0
2015-09-07,上涨,-1.0,1.0
2015-09-08,上涨,1.0,1.0
2015-09-09,下跌,1.0,-1.0
2015-09-10,下跌,-1.0,-1.0
2015-09-11,下跌,-1.0,-1.0
2015-09-14,下跌,-1.0,-1.0
2015-09-15,上涨,-1.0,-1.0
2015-09-16,下跌,1.0,-1.0
2015-09-17,上涨,-1.0,-1.0
2015-09-18,上涨,1.0,-1.0
2015-09-21,上涨,1.0,-1.0
2015-09-22,下跌,1.0,1.0
2015-09-23,下跌,-1.0,-1.0
2015-09-24,下跌,-1.0,-1.0
2015-09-25,下跌,-1.0,-1.0
2015-09-28,下跌,-1.0,-1.0
2015-09-29,上涨,-1.0,-1.0
2015-09-30,上涨,1.0,-1.0
2015-10-08,上涨,1.0,-1.0
2015-10-09,上涨,1.0,1.0
2015-10-12,下跌,1.0,1.0
2015-10-13,下跌,-1.0,1.0
2015-10-14,上涨,-1.0,1.0
2015-10-15,上涨,1.0,1.0
2015-10-16,下跌,1.0,1.0
2015-10-19,上涨,-1.0,1.0
2015-10-20,下跌,1.0,1.0
2015-10-21,上涨,-1.0,-1.0
2015-10-22,上涨,1.0,-1.0
2015-10-23,下跌,1.0,1.0
2015-10-26,上涨,-1.0,1.0
2015-10-27,下跌,1.0,1.0
2015-10-28,下跌,-1.0,1.0
2015-10-29,上涨,-1.0,1.0
2015-10-30,下跌,1.0,-1.0
2015-11-02,上涨,-1.0,-1.0
2015-11-03,上涨,1.0,-1.0
2015-11-04,上涨,1.0,1.0
2015-11-05,上涨,1.0,1.0
2015-11-06,上涨,1.0,1.0
2015-11-09,下跌,1.0,1.0
2015-11-10,下跌,-1.0,1.0
2015-11-11,下跌,-1.0,1.0
2015-11-12,下跌,-1.0,-1.0
2015-11-13,上涨,-1.0,-1.0
2015-11-16,横盘,1.0,-1.0
2015-11-17,上涨,0.0,-1.0
2015-11-18,下跌,1.0,1.0
2015-11-19,下跌,-1.0,1.0
2015-11-20,下跌,-1.0,1.0
2015-11-23,上涨,-1.0,1.0
2015-11-24,上涨,1.0,1.0
2015-11-25,下跌,1.0,-1.0
2015-11-26,下跌,-1.0,0.0
2015-11-27,上涨,-1.0,-1.0
2015-11-30,上涨,1.0,1.0
2015-12-01,上涨,1.0,1.0
2015-12-02,上涨,1.0,1.0
2015-12-03,下跌,1.0,1.0
2015-12-04,下跌,-1.0,1.0
2015-12-07,下跌,-1.0,1.0
2015-12-08,上涨,-1.0,1.0
2015-12-09,下跌,1.0,1.0
2015-12-10,上涨,-1.0,1.0
2015-12-11,上涨,1.0,1.0
2015-12-14,上涨,1.0,1.0
2015-12-15,下跌,1.0,1.0
2015-12-16,上涨,-1.0,1.0
2015-12-17,上涨,1.0,1.0
2015-12-18,下跌,1.0,1.0
2016-07-04,下跌,-1.0,1.0
2016-07-05,上涨,-1.0,-1.0
2016-07-06,下跌,1.0,-1.0
2016-07-07,下跌,-1.0,-1.0
2016-07-08,下跌,-1.0,-1.0
2016-07-11,下跌,-1.0,-1.0
2016-07-12,上涨,-1.0,-1.0
2016-07-13,下跌,1.0,-1.0
2016-07-14,下跌,-1.0,-1.0
2016-07-15,下跌,-1.0,-1.0
2016-07-18,下跌,-1.0,-1.0
2016-07-19,下跌,-1.0,-1.0
2016-07-20,下跌,-1.0,-1.0
2016-07-21,上涨,-1.0,-1.0
2016-07-22,上涨,1.0,-1.0
2016-07-25,上涨,1.0,1.0
2016-07-26,下跌,1.0,1.0
2016-07-27,上涨,-1.0,1.0
2016-07-28,下跌,1.0,1.0
2016-07-29,上涨,-1.0,1.0
2016-08-01,上涨,1.0,1.0
2016-08-02,上涨,1.0,1.0
2016-08-03,上涨,1.0,1.0
2016-08-04,上涨,1.0,1.0
2016-08-05,上涨,1.0,1.0
2016-08-08,上涨,1.0,1.0
2016-08-09,下跌,1.0,1.0
2016-08-10,下跌,-1.0,1.0
2016-08-11,上涨,-1.0,1.0
2016-08-12,上涨,1.0,1.0
2016-08-15,上涨,1.0,1.0
2016-08-16,下跌,1.0,1.0
2016-08-17,下跌,-1.0,1.0
2016-08-18,下跌,-1.0,1.0
2016-08-19,上涨,-1.0,1.0
2016-08-22,横盘,1.0,-1.0
2016-08-23,下跌,0.0,-1.0
2016-08-24,下跌,-1.0,-1.0
2016-08-25,下跌,-1.0,-1.0
2016-08-26,上涨,-1.0,-1.0
2016-08-29,下跌,1.0,-1.0
2016-08-30,上涨,-1.0,-1.0
2016-08-31,下跌,1.0,1.0
2016-09-01,上涨,-1.0,-1.0
2016-09-02,下跌,1.0,1.0
2016-09-05,下跌,-1.0,1.0
2016-09-06,下跌,-1.0,1.0
2016-09-07,上涨,-1.0,-1.0
2016-09-08,下跌,1.0,1.0
2016-09-09,上涨,-1.0,-1.0
2016-09-12,上涨,1.0,1.0
2016-09-13,横盘,1.0,1.0
2016-09-14,上涨,0.0,1.0
2016-09-19,下跌,1.0,1.0
2016-09-20,上涨,-1.0,1.0
2016-09-21,上涨,1.0,1.0
2016-09-22,下跌,1.0,1.0
2016-09-23,下跌,-1.0,1.0
2016-09-26,上涨,-1.0,1.0
2016-09-27,上涨,1.0,1.0
2016-09-28,上涨,1.0,1.0
2016-09-29,上涨,1.0,-1.0
2016-09-30,下跌,1.0,1.0
2016-10-10,上涨,-1.0,1.0
2016-10-11,上涨,1.0,1.0
2016-10-12,上涨,1.0,1.0
2016-10-13,上涨,1.0,1.0
2016-10-14,下跌,1.0,1.0
2016-10-17,横盘,-1.0,1.0
2016-10-18,下跌,0.0,-1.0
2016-10-19,上涨,-1.0,-1.0
2016-10-20,下跌,1.0,-1.0
2016-10-21,下跌,-1.0,-1.0
2016-10-24,下跌,-1.0,-1.0
2016-10-25,上涨,-1.0,-1.0
2016-10-26,下跌,1.0,-1.0
2016-10-27,下跌,-1.0,-1.0
2016-10-28,上涨,-1.0,-1.0
2016-10-31,上涨,1.0,-1.0
2016-11-01,下跌,1.0,1.0
2016-11-02,下跌,-1.0,-1.0
2016-11-03,下跌,-1.0,1.0
2016-11-04,下跌,-1.0,-1.0
2016-11-07,上涨,-1.0,-1.0
2016-11-08,上涨,1.0,-1.0
2016-11-09,上涨,1.0,1.0
2016-11-10,下跌,1.0,1.0
2016-11-11,下跌,-1.0,1.0
2016-11-14,上涨,-1.0,1.0
2016-11-15,下跌,1.0,1.0
2016-11-16,上涨,-1.0,1.0
2016-11-17,上涨,1.0,1.0
2016-11-18,下跌,1.0,1.0
2016-11-21,下跌,-1.0,1.0
2016-11-22,下跌,-1.0,1.0
2016-11-23,下跌,-1.0,1.0
2016-11-24,上涨,-1.0,-1.0
2016-11-25,下跌,1.0,-1.0
2016-11-28,下跌,-1.0,-1.0
2016-11-29,上涨,-1.0,-1.0
2016-11-30,下跌,1.0,-1.0
2016-12-01,下跌,-1.0,1.0
2016-12-02,下跌,-1.0,-1.0
2016-12-05,下跌,-1.0,-1.0
2016-12-06,下跌,-1.0,-1.0
2016-12-07,下跌,-1.0,-1.0
2016-12-08,上涨,-1.0,-1.0
2016-12-09,下跌,1.0,-1.0
2016-12-12,下跌,-1.0,-1.0
2016-12-13,下跌,-1.0,-1.0
2016-12-14,上涨,-1.0,-1.0
2016-12-15,上涨,1.0,-1.0
2016-12-16,下跌,1.0,-1.0
2016-12-19,下跌,-1.0,-1.0
2016-12-20,上涨,-1.0,-1.0
2016-12-21,上涨,1.0,-1.0
2016-12-22,下跌,1.0,-1.0
2016-12-23,上涨,-1.0,-1.0
2016-12-26,上涨,1.0,-1.0
2016-12-27,下跌,1.0,1.0
2016-12-28,下跌,-1.0,1.0
2016-12-29,下跌,-1.0,1.0
2016-12-30,上涨,-1.0,1.0
2017-01-03,上涨,1.0,1.0
2017-01-04,上涨,1.0,-1.0
2017-01-05,下跌,1.0,-1.0
2017-01-06,上涨,-1.0,-1.0
2017-01-09,下跌,1.0,1.0
2017-01-10,下跌,-1.0,-1.0
2017-01-11,上涨,-1.0,-1.0
2017-01-13,下跌,1.0,1.0
2017-01-16,下跌,-1.0,1.0
2017-01-17,上涨,-1.0,1.0
2017-01-18,下跌,1.0,1.0
2017-01-19,上涨,-1.0,1.0
2017-01-20,上涨,1.0,-1.0
2017-01-23,下跌,1.0,-1.0
2017-01-24,下跌,-1.0,-1.0
2017-01-25,上涨,-1.0,-1.0
2017-01-26,横盘,1.0,1.0
2017-02-03,上涨,0.0,0.0
2017-02-06,下跌,1.0,-1.0
2017-02-07,上涨,-1.0,-1.0
2017-02-08,上涨,1.0,1.0
2017-02-09,下跌,1.0,1.0
2017-02-10,上涨,-1.0,-1.0
2017-02-13,上涨,1.0,1.0
2017-02-14,下跌,1.0,1.0
2017-02-15,上涨,-1.0,-1.0
2017-02-16,下跌,1.0,-1.0
2017-02-17,上涨,-1.0,-1.0
2017-02-20,上涨,1.0,-1.0
2017-02-21,下跌,1.0,1.0
2017-02-22,下跌,-1.0,1.0
2017-02-23,下跌,-1.0,1.0
2017-02-24,下跌,-1.0,1.0
2017-02-27,上涨,-1.0,-1.0
2017-02-28,下跌,1.0,-1.0
2017-03-01,下跌,-1.0,-1.0
2017-03-02,下跌,-1.0,-1.0
2017-03-03,上涨,-1.0,-1.0
2017-03-06,上涨,1.0,-1.0
2017-03-07,上涨,1.0,-1.0
2017-03-08,下跌,1.0,1.0
2017-03-09,上涨,-1.0,1.0
2017-03-10,上涨,1.0,1.0
2017-03-13,上涨,1.0,1.0
2017-03-14,下跌,1.0,1.0
2017-03-15,下跌,-1.0,1.0
2017-03-16,上涨,-1.0,1.0
2017-03-17,下跌,1.0,1.0
2017-03-20,上涨,-1.0,1.0
2017-03-21,下跌,1.0,-1.0
2017-03-22,上涨,-1.0,-1.0
2017-03-23,上涨,1.0,1.0
2017-03-24,下跌,1.0,-1.0
2017-03-27,上涨,-1.0,1.0
2017-03-28,下跌,1.0,1.0
2017-03-29,下跌,-1.0,-1.0
2017-03-30,上涨,-1.0,-1.0
2017-03-31,横盘,1.0,-1.0
2017-04-05,上涨,0.0,-1.0
2017-04-06,上涨,1.0,-1.0
2017-04-07,下跌,1.0,-1.0
2017-04-10,上涨,-1.0,1.0
2017-04-11,上涨,1.0,1.0
2017-04-12,下跌,1.0,1.0
2017-04-13,下跌,-1.0,1.0
2017-04-14,下跌,-1.0,-1.0
2017-04-17,下跌,-1.0,-1.0
2017-04-18,上涨,-1.0,-1.0
2017-04-19,上涨,1.0,-1.0
2017-04-20,上涨,1.0,-1.0
2017-04-21,下跌,1.0,1.0
2017-04-24,上涨,-1.0,-1.0
2017-04-25,下跌,1.0,1.0
2017-04-26,下跌,-1.0,-1.0
2017-04-27,下跌,-1.0,-1.0
2017-04-28,下跌,-1.0,-1.0
2017-05-02,下跌,-1.0,-1.0
2017-05-03,上涨,-1.0,-1.0
2017-05-04,下跌,1.0,-1.0
2017-05-05,下跌,-1.0,-1.0
2017-05-08,上涨,-1.0,-1.0
2017-05-09,上涨,1.0,-1.0
2017-05-10,上涨,1.0,-1.0
2017-05-11,上涨,1.0,1.0
2017-05-12,下跌,1.0,1.0
2017-05-15,下跌,-1.0,1.0
2017-05-16,下跌,-1.0,1.0
2017-05-17,下跌,-1.0,1.0
2017-05-18,上涨,-1.0,-1.0
2017-05-19,下跌,1.0,-1.0
2017-05-22,上涨,-1.0,-1.0
2017-05-23,下跌,1.0,-1.0
2017-05-24,上涨,-1.0,1.0
2017-05-25,上涨,1.0,1.0
2017-05-26,上涨,1.0,1.0
2017-05-31,下跌,1.0,1.0
2017-06-01,下跌,-1.0,1.0
2017-06-02,上涨,-1.0,1.0
2017-06-05,下跌,1.0,1.0
2017-06-06,上涨,-1.0,1.0
2017-06-12,上涨,1.0,1.0
2017-06-13,下跌,1.0,1.0
2017-06-14,下跌,-1.0,1.0
2017-06-15,下跌,-1.0,-1.0
2017-06-16,上涨,-1.0,1.0
2017-06-19,上涨,1.0,-1.0
2017-06-20,上涨,1.0,-1.0
2017-06-21,上涨,1.0,-1.0
2017-06-22,上涨,1.0,1.0
2017-06-23,上涨,1.0,1.0
2017-06-26,下跌,1.0,1.0
2017-06-27,下跌,-1.0,1.0
2017-06-28,上涨,-1.0,1.0
2017-06-29,下跌,1.0,1.0
2017-06-30,下跌,-1.0,1.0
2017-07-03,下跌,-1.0,-1.0
2017-07-04,上涨,-1.0,-1.0
2017-07-05,下跌,1.0,-1.0
2017-07-06,上涨,-1.0,-1.0
2017-07-07,下跌,1.0,-1.0
2017-07-10,上涨,-1.0,-1.0
2017-07-11,上涨,1.0,1.0
2017-07-12,下跌,1.0,1.0
2017-07-13,上涨,-1.0,1.0
2017-07-14,上涨,1.0,-1.0
2017-07-18,下跌,1.0,1.0
2017-07-19,上涨,-1.0,1.0
2017-07-20,下跌,1.0,-1.0
2017-07-21,下跌,-1.0,1.0
2017-07-24,下跌,-1.0,-1.0
2017-07-25,上涨,-1.0,-1.0
2017-07-26,下跌,1.0,-1.0
2017-07-27,上涨,-1.0,-1.0
2017-07-28,下跌,1.0,-1.0
2017-07-31,上涨,-1.0,-1.0
2017-08-01,上涨,1.0,1.0
2017-08-02,下跌,1.0,1.0
2017-08-03,下跌,-1.0,1.0
2017-08-04,下跌,-1.0,-1.0
2017-08-07,上涨,-1.0,-1.0
2017-08-08,上涨,1.0,-1.0
2017-08-09,下跌,1.0,-1.0
2017-08-10,下跌,-1.0,-1.0
2017-08-11,下跌,-1.0,-1.0
2017-08-14,上涨,-1.0,-1.0
2017-08-15,下跌,1.0,-1.0
2017-08-16,上涨,-1.0,-1.0
2017-08-17,上涨,1.0,-1.0
2017-08-18,下跌,1.0,1.0
2017-08-21,上涨,-1.0,1.0
2017-08-22,上涨,1.0,1.0
2017-08-23,下跌,1.0,1.0
2017-08-24,上涨,-1.0,1.0
2017-08-25,上涨,1.0,1.0
2017-08-28,上涨,1.0,1.0
2017-08-29,下跌,1.0,1.0
2017-08-30,下跌,-1.0,1.0
2017-08-31,下跌,-1.0,1.0
2017-09-01,上涨,-1.0,1.0
2017-09-04,上涨,1.0,-1.0
2017-09-05,上涨,1.0,1.0
2017-09-06,上涨,1.0,1.0
2017-09-07,下跌,1.0,1.0
2017-09-08,下跌,-1.0,1.0
2017-09-11,下跌,-1.0,1.0
2017-09-12,上涨,-1.0,1.0
2017-09-13,上涨,1.0,1.0
2017-09-14,上涨,1.0,1.0
2017-09-15,下跌,1.0,1.0
2017-09-18,上涨,-1.0,1.0
2017-09-19,下跌,1.0,1.0
2017-09-20,下跌,-1.0,1.0
2017-09-21,下跌,-1.0,1.0
2017-09-22,下跌,-1.0,-1.0
2017-09-25,上涨,-1.0,-1.0
2017-09-26,上涨,1.0,-1.0
2017-09-27,下跌,1.0,-1.0
2017-09-28,下跌,-1.0,-1.0
2017-09-29,上涨,-1.0,-1.0
2017-10-09,上涨,1.0,1.0
2017-10-10,上涨,1.0,-1.0
2017-10-11,上涨,1.0,1.0
2017-10-12,下跌,1.0,1.0
2017-10-13,下跌,-1.0,1.0
2017-10-16,下跌,-1.0,-1.0
2017-10-17,上涨,-1.0,-1.0
2017-10-18,下跌,1.0,-1.0
2017-10-19,上涨,-1.0,-1.0
2017-10-20,下跌,1.0,-1.0
2017-10-23,上涨,-1.0,-1.0
2017-10-24,上涨,1.0,1.0
2017-10-25,上涨,1.0,1.0
2017-10-26,下跌,1.0,1.0
2017-10-27,上涨,-1.0,1.0
2017-10-30,下跌,1.0,1.0
2017-10-31,上涨,-1.0,1.0
2017-11-01,上涨,1.0,1.0
2017-11-02,下跌,1.0,1.0
2017-11-03,下跌,-1.0,1.0
2017-11-06,上涨,-1.0,-1.0
2017-11-07,下跌,1.0,-1.0
2017-11-08,上涨,-1.0,-1.0
2017-11-09,下跌,1.0,-1.0
2017-11-10,下跌,-1.0,-1.0
2017-11-13,上涨,-1.0,-1.0
2017-11-14,下跌,1.0,1.0
2017-11-15,上涨,-1.0,1.0
2017-11-16,下跌,1.0,1.0
2017-11-17,横盘,-1.0,1.0
2017-11-20,上涨,0.0,1.0
2017-11-21,上涨,1.0,1.0
2017-11-22,下跌,1.0,1.0
2017-11-23,上涨,-1.0,1.0
2017-11-24,下跌,1.0,1.0
2017-11-27,下跌,-1.0,1.0
2017-11-28,上涨,-1.0,-1.0
2017-11-29,下跌,1.0,1.0
2017-11-30,下跌,-1.0,-1.0
2017-12-01,上涨,-1.0,-1.0
2017-12-04,上涨,1.0,-1.0
2017-12-05,下跌,1.0,1.0
2017-12-06,下跌,-1.0,-1.0
2017-12-07,下跌,-1.0,-1.0
2017-12-08,上涨,-1.0,-1.0
2017-12-11,下跌,1.0,-1.0
2017-12-12,上涨,-1.0,-1.0
2017-12-13,上涨,1.0,-1.0
2017-12-14,下跌,1.0,1.0
2017-12-15,下跌,-1.0,-1.0
2017-12-18,上涨,-1.0,-1.0
2017-12-19,下跌,1.0,-1.0
2017-12-20,上涨,-1.0,-1.0
2017-12-21,上涨,1.0,-1.0
2017-12-22,上涨,1.0,1.0
2017-12-25,上涨,1.0,1.0
2017-12-26,上涨,1.0,1.0
2017-12-27,下跌,1.0,1.0
2017-12-28,上涨,-1.0,1.0
2017-12-29,上涨,1.0,1.0
2018-01-02,下跌,1.0,1.0
2018-01-03,上涨,-1.0,1.0
2018-01-04,上涨,1.0,1.0
2018-01-05,上涨,1.0,1.0
2018-01-08,下跌,1.0,1.0
2018-01-09,下跌,-1.0,1.0
2018-01-10,下跌,-1.0,1.0
2018-01-11,上涨,-1.0,1.0
2018-01-12,上涨,1.0,1.0
2018-01-15,上涨,1.0,1.0
2018-01-16,下跌,1.0,1.0
2018-01-17,下跌,-1.0,1.0
2018-01-18,下跌,-1.0,1.0
2018-01-19,上涨,-1.0,1.0
2018-01-22,上涨,1.0,1.0
2018-01-23,上涨,1.0,1.0
2018-01-24,下跌,1.0,1.0
2018-01-25,下跌,-1.0,1.0
2018-01-26,下跌,-1.0,1.0
2018-01-29,下跌,-1.0,-1.0
2018-01-30,上涨,-1.0,-1.0
2018-01-31,下跌,1.0,-1.0
2018-02-01,下跌,-1.0,-1.0
2018-02-02,下跌,-1.0,-1.0
2018-02-05,下跌,-1.0,-1.0
2018-02-06,下跌,-1.0,-1.0
2018-02-07,下跌,-1.0,-1.0
2018-02-08,下跌,-1.0,-1.0
2018-02-09,上涨,-1.0,-1.0
2018-02-12,上涨,1.0,-1.0
2018-02-13,上涨,1.0,-1.0
2018-02-14,上涨,1.0,1.0
2018-02-22,上涨,1.0,1.0
2018-02-23,下跌,1.0,1.0
2018-02-26,下跌,-1.0,1.0
2018-02-27,下跌,-1.0,1.0
2018-02-28,下跌,-1.0,-1.0
2018-03-01,下跌,-1.0,-1.0
2018-03-02,下跌,-1.0,-1.0
2018-03-05,上涨,-1.0,-1.0
2018-03-06,下跌,1.0,1.0
2018-03-07,上涨,-1.0,1.0
2018-03-08,下跌,1.0,1.0
2018-03-09,下跌,-1.0,1.0
2018-03-12,下跌,-1.0,1.0
2018-03-13,上涨,-1.0,-1.0
2018-03-14,下跌,1.0,-1.0
2018-03-15,下跌,-1.0,-1.0
2018-03-16,下跌,-1.0,-1.0
2018-03-19,下跌,-1.0,-1.0
2018-03-20,上涨,-1.0,-1.0
2018-03-21,下跌,1.0,-1.0
2018-03-22,下跌,-1.0,-1.0
2018-03-23,下跌,-1.0,-1.0
2018-03-26,上涨,-1.0,-1.0
2018-03-27,上涨,1.0,-1.0
2018-03-28,上涨,1.0,-1.0
2018-03-29,下跌,1.0,1.0
2018-03-30,上涨,-1.0,1.0
2018-04-02,上涨,1.0,1.0
2018-04-03,下跌,1.0,1.0
2018-04-04,下跌,-1.0,1.0
2018-04-09,上涨,-1.0,-1.0
2018-04-10,上涨,1.0,-1.0
2018-04-11,下跌,1.0,-1.0
2018-04-12,下跌,-1.0,-1.0
2018-04-13,下跌,-1.0,-1.0
2018-04-16,下跌,-1.0,-1.0
2018-04-17,上涨,-1.0,-1.0
2018-04-18,上涨,1.0,-1.0
2018-04-19,下跌,1.0,-1.0
2018-04-20,下跌,-1.0,-1.0
2018-04-23,上涨,-1.0,-1.0
2018-04-24,下跌,1.0,1.0
2018-04-25,下跌,-1.0,1.0
2018-04-26,下跌,-1.0,-1.0
2018-04-27,下跌,-1.0,-1.0
2018-05-02,下跌,-1.0,-1.0
2018-05-03,下跌,-1.0,-1.0
2018-05-04,上涨,-1.0,-1.0
2018-05-07,上涨,1.0,-1.0
2018-05-08,下跌,1.0,1.0
2018-05-09,下跌,-1.0,1.0
2018-05-10,下跌,-1.0,1.0
2018-05-11,横盘,-1.0,1.0
2018-05-14,下跌,0.0,1.0
2018-05-15,下跌,-1.0,-1.0
2018-05-16,下跌,-1.0,-1.0
2018-05-17,上涨,-1.0,-1.0
2018-05-18,下跌,1.0,-1.0
2018-05-21,下跌,-1.0,-1.0
2018-05-22,上涨,-1.0,-1.0
2018-05-23,下跌,1.0,-1.0
2018-05-24,下跌,-1.0,-1.0
2018-05-25,上涨,-1.0,-1.0
2018-05-28,下跌,1.0,-1.0
2018-05-29,下跌,-1.0,-1.0
2018-05-30,上涨,-1.0,-1.0
2018-05-31,上涨,1.0,-1.0
2018-06-01,上涨,1.0,-1.0
2018-06-04,上涨,1.0,1.0
2018-06-05,下跌,1.0,1.0
2018-06-06,上涨,-1.0,1.0
2018-06-07,下跌,1.0,1.0
2018-06-08,上涨,-1.0,1.0
2018-06-11,上涨,1.0,1.0
2018-06-12,下跌,1.0,1.0
2018-06-13,下跌,-1.0,1.0
2018-06-14,上涨,-1.0,-1.0
2018-06-15,下跌,1.0,1.0
2018-06-19,下跌,-1.0,-1.0
2018-06-20,上涨,-1.0,-1.0
2018-06-21,上涨,1.0,1.0
2018-06-22,下跌,1.0,1.0
2018-06-25,下跌,-1.0,-1.0
2018-06-26,下跌,-1.0,-1.0
2018-06-27,下跌,-1.0,-1.0
2018-06-28,上涨,-1.0,-1.0
2018-06-29,下跌,1.0,-1.0
2018-07-02,上涨,-1.0,-1.0
2018-07-03,下跌,1.0,-1.0
2018-07-04,上涨,-1.0,-1.0
2018-07-05,上涨,1.0,-1.0
2018-07-06,上涨,1.0,-1.0
2018-07-09,上涨,1.0,1.0
2018-07-10,下跌,1.0,1.0
2018-07-11,上涨,-1.0,1.0
2018-07-12,下跌,1.0,1.0
2018-07-13,下跌,-1.0,1.0
2018-07-16,下跌,-1.0,-1.0
2018-07-17,下跌,-1.0,-1.0
2018-07-18,上涨,-1.0,-1.0
2018-07-19,上涨,1.0,-1.0
2018-07-20,上涨,1.0,-1.0
2018-07-23,上涨,1.0,1.0
2018-07-24,下跌,1.0,1.0
2018-07-25,下跌,-1.0,1.0
2018-07-26,下跌,-1.0,1.0
2018-07-27,下跌,-1.0,1.0
2018-07-30,上涨,-1.0,-1.0
2018-07-31,下跌,1.0,-1.0
2018-08-01,下跌,-1.0,-1.0
2018-08-02,下跌,-1.0,-1.0
2018-08-03,下跌,-1.0,-1.0
2018-08-06,上涨,-1.0,-1.0
2018-08-07,下跌,1.0,-1.0
2018-08-08,上涨,-1.0,-1.0
2018-08-09,上涨,1.0,1.0
2018-08-10,下跌,1.0,1.0
2018-08-13,下跌,-1.0,1.0
2018-08-14,下跌,-1.0,1.0
2018-08-15,上涨,-1.0,1.0
2018-08-16,下跌,1.0,1.0
2018-08-17,上涨,-1.0,-1.0
2018-08-20,上涨,1.0,1.0
2018-08-21,上涨,1.0,1.0
2018-08-22,下跌,1.0,1.0
2018-08-23,下跌,-1.0,1.0
2018-08-24,上涨,-1.0,1.0
2018-08-27,下跌,1.0,1.0
2018-08-28,上涨,-1.0,1.0
2018-08-29,下跌,1.0,1.0
2018-08-30,上涨,-1.0,1.0
2018-08-31,下跌,1.0,1.0
2018-09-03,上涨,-1.0,-1.0
2018-09-04,下跌,1.0,1.0
2018-09-05,下跌,-1.0,-1.0
2018-09-06,上涨,-1.0,-1.0
2018-09-07,上涨,1.0,-1.0
2018-09-10,下跌,1.0,-1.0
2018-09-11,下跌,-1.0,-1.0
2018-09-12,上涨,-1.0,-1.0
2018-09-13,上涨,1.0,1.0
2018-09-14,下跌,1.0,1.0
2018-09-17,上涨,-1.0,-1.0
2018-09-18,上涨,1.0,-1.0
2018-09-19,下跌,1.0,1.0
2018-09-20,上涨,-1.0,1.0
2018-09-21,下跌,1.0,1.0
2018-09-25,上涨,-1.0,1.0
2018-09-26,下跌,1.0,1.0
2018-09-27,下跌,-1.0,1.0
2018-09-28,下跌,-1.0,1.0
2018-10-08,下跌,-1.0,-1.0
2018-10-09,下跌,-1.0,-1.0
2018-10-10,下跌,-1.0,-1.0
2018-10-11,上涨,-1.0,-1.0
2018-10-12,下跌,1.0,-1.0
2018-10-15,下跌,-1.0,-1.0
2018-10-16,上涨,-1.0,-1.0
2018-10-17,下跌,1.0,-1.0
2018-10-18,上涨,-1.0,-1.0
2018-10-19,上涨,1.0,-1.0
2018-10-22,下跌,1.0,1.0
2018-10-23,上涨,-1.0,1.0
2018-10-24,上涨,1.0,1.0
2018-10-25,上涨,1.0,1.0
2018-10-26,下跌,1.0,1.0
2018-10-29,上涨,-1.0,-1.0
2018-10-30,上涨,1.0,1.0
2018-10-31,上涨,1.0,1.0
2018-11-01,上涨,1.0,1.0
2018-11-02,下跌,1.0,1.0
2018-11-05,上涨,-1.0,1.0
2018-11-06,下跌,1.0,1.0
2018-11-07,上涨,-1.0,-1.0
2018-11-08,下跌,1.0,-1.0
2018-11-09,上涨,-1.0,-1.0
2018-11-12,上涨,1.0,-1.0
2018-11-13,上涨,1.0,-1.0
2018-11-14,上涨,1.0,1.0
2018-11-15,上涨,1.0,1.0
2018-11-16,上涨,1.0,1.0
2018-11-19,下跌,1.0,1.0
2018-11-20,上涨,-1.0,1.0
2018-11-21,下跌,1.0,1.0
2018-11-22,下跌,-1.0,1.0
2018-11-23,上涨,-1.0,1.0
2018-11-26,下跌,1.0,-1.0
2018-11-27,上涨,-1.0,-1.0
2018-11-28,下跌,1.0,-1.0
2018-11-29,上涨,-1.0,-1.0
2018-11-30,上涨,1.0,1.0
2018-12-03,下跌,1.0,1.0
2018-12-04,上涨,-1.0,1.0
2018-12-05,下跌,1.0,-1.0
2018-12-06,上涨,-1.0,-1.0
2018-12-07,下跌,1.0,-1.0
2018-12-10,上涨,-1.0,-1.0
2018-12-11,上涨,1.0,1.0
2018-12-12,上涨,1.0,1.0
2018-12-13,下跌,1.0,1.0
2018-12-14,上涨,-1.0,1.0
2018-12-17,下跌,1.0,1.0
2018-12-18,下跌,-1.0,-1.0
2018-12-19,下跌,-1.0,-1.0
2018-12-20,下跌,-1.0,-1.0
2018-12-21,下跌,-1.0,-1.0
2018-12-24,上涨,-1.0,-1.0
2018-12-25,下跌,1.0,-1.0
2018-12-26,下跌,-1.0,-1.0
2018-12-27,上涨,-1.0,-1.0
2018-12-28,上涨,1.0,-1.0
2019-01-02,上涨,1.0,1.0
2019-01-03,上涨,1.0,1.0
2019-01-04,上涨,1.0,1.0
2019-01-07,下跌,1.0,1.0
2019-01-08,上涨,-1.0,1.0
2019-01-09,下跌,1.0,1.0
2019-01-10,上涨,-1.0,1.0
2019-01-11,下跌,1.0,1.0
2019-01-14,上涨,-1.0,-1.0
2019-01-15,上涨,1.0,1.0
2019-01-16,下跌,1.0,1.0
2019-01-17,上涨,-1.0,-1.0
2019-01-18,下跌,1.0,1.0
2019-01-21,下跌,-1.0,1.0
2019-01-22,下跌,-1.0,1.0
2019-01-23,上涨,-1.0,-1.0
2019-01-24,上涨,1.0,1.0
2019-01-25,下跌,1.0,1.0
2019-01-28,上涨,-1.0,1.0
2019-01-29,上涨,1.0,1.0
2019-01-30,上涨,1.0,1.0
2019-01-31,下跌,1.0,1.0
2019-02-01,下跌,-1.0,1.0
2019-02-11,下跌,-1.0,1.0
2019-02-12,上涨,-1.0,1.0
2019-02-13,下跌,1.0,1.0
2019-02-14,下跌,-1.0,-1.0
2019-02-15,上涨,-1.0,-1.0
2019-02-18,下跌,1.0,-1.0
2019-02-19,上涨,-1.0,-1.0
2019-02-20,下跌,1.0,-1.0
2019-02-21,上涨,-1.0,-1.0
2019-02-22,上涨,1.0,1.0
2019-02-25,下跌,1.0,1.0
2019-02-26,上涨,-1.0,1.0
2019-02-27,下跌,1.0,1.0
2019-02-28,上涨,-1.0,1.0
2019-03-01,上涨,1.0,1.0
2019-03-04,上涨,1.0,1.0
2019-03-05,下跌,1.0,1.0
2019-03-06,下跌,-1.0,1.0
2019-03-07,下跌,-1.0,1.0
2019-03-08,上涨,-1.0,-1.0
2019-03-11,横盘,1.0,-1.0
2019-03-12,上涨,0.0,-1.0
2019-03-13,下跌,1.0,-1.0
2019-03-14,上涨,-1.0,-1.0
2019-03-15,上涨,1.0,1.0
2019-03-18,下跌,1.0,1.0
2019-03-19,上涨,-1.0,1.0
2019-03-20,上涨,1.0,1.0
2019-03-21,下跌,1.0,1.0
2019-03-22,下跌,-1.0,1.0
2019-03-25,上涨,-1.0,-1.0
2019-03-26,上涨,1.0,-1.0
2019-03-27,下跌,1.0,-1.0
2019-03-28,上涨,-1.0,-1.0
2019-03-29,上涨,1.0,1.0
2019-04-01,下跌,1.0,1.0
2019-04-02,上涨,-1.0,1.0
2019-04-03,下跌,1.0,1.0
2019-04-04,下跌,-1.0,1.0
2019-04-08,上涨,-1.0,1.0
2019-04-09,下跌,1.0,1.0
2019-04-10,下跌,-1.0,1.0
2019-04-11,下跌,-1.0,-1.0
2019-04-12,下跌,-1.0,-1.0
2019-04-15,上涨,-1.0,-1.0
2019-04-16,下跌,1.0,-1.0
2019-04-17,下跌,-1.0,-1.0
2019-04-18,上涨,-1.0,-1.0
2019-04-19,下跌,1.0,1.0
2019-04-22,横盘,-1.0,-1.0
2019-04-23,上涨,0.0,-1.0
2019-04-24,下跌,1.0,-1.0
2019-04-25,下跌,-1.0,-1.0
2019-04-26,上涨,-1.0,-1.0
2019-04-29,下跌,1.0,-1.0
2019-04-30,下跌,-1.0,-1.0
2019-05-06,上涨,-1.0,-1.0
2019-05-07,下跌,1.0,-1.0
2019-05-08,下跌,-1.0,-1.0
2019-05-09,上涨,-1.0,-1.0
2019-05-10,上涨,1.0,-1.0
2019-05-13,下跌,1.0,1.0
2019-05-14,上涨,-1.0,-1.0
2019-05-15,上涨,1.0,1.0
2019-05-16,下跌,1.0,1.0
2019-05-17,下跌,-1.0,-1.0
2019-05-20,上涨,-1.0,-1.0
2019-05-21,下跌,1.0,-1.0
2019-05-22,下跌,-1.0,-1.0
2019-05-23,上涨,-1.0,-1.0
2019-05-24,上涨,1.0,-1.0
2019-05-27,上涨,1.0,-1.0
2019-05-28,下跌,1.0,1.0
2019-05-29,下跌,-1.0,-1.0
2019-05-30,下跌,-1.0,1.0
2019-05-31,下跌,-1.0,-1.0
2019-06-03,下跌,-1.0,-1.0
2019-06-04,上涨,-1.0,-1.0
2019-06-05,上涨,1.0,-1.0
2019-06-06,上涨,1.0,1.0
2019-06-10,上涨,1.0,1.0
2019-06-11,下跌,1.0,1.0
2019-06-12,下跌,-1.0,1.0
2019-06-13,上涨,-1.0,1.0
2019-06-14,下跌,1.0,1.0
2019-06-17,下跌,-1.0,1.0
2019-06-18,上涨,-1.0,-1.0
2019-06-19,上涨,1.0,-1.0
2019-06-20,下跌,1.0,1.0
2019-06-21,下跌,-1.0,1.0
2019-06-24,下跌,-1.0,1.0
2019-06-25,下跌,-1.0,1.0
2019-06-26,上涨,-1.0,1.0
2019-06-27,下跌,1.0,-1.0
2019-06-28,上涨,-1.0,-1.0
2019-07-01,上涨,1.0,1.0
2019-07-02,上涨,1.0,1.0
2019-07-03,上涨,1.0,1.0
2019-07-04,下跌,1.0,1.0
2019-07-05,下跌,-1.0,1.0
2019-07-08,横盘,-1.0,1.0
2019-07-09,上涨,0.0,1.0
2019-07-10,上涨,1.0,0.0
2019-07-11,上涨,1.0,-1.0
2019-07-12,上涨,1.0,1.0
2019-07-15,上涨,1.0,1.0
2019-07-16,上涨,1.0,1.0
2019-07-17,下跌,1.0,1.0
2019-07-18,上涨,-1.0,1.0
2019-07-19,上涨,1.0,1.0
2019-07-22,下跌,1.0,1.0
2019-07-23,下跌,-1.0,-1.0
2019-07-24,上涨,-1.0,-1.0
2019-07-25,下跌,1.0,-1.0
2019-07-26,下跌,-1.0,-1.0
2019-07-29,上涨,-1.0,-1.0
2019-07-30,下跌,1.0,-1.0
2019-07-31,下跌,-1.0,-1.0
2019-08-01,下跌,-1.0,-1.0
2019-08-02,下跌,-1.0,-1.0
2019-08-05,上涨,-1.0,-1.0
2019-08-06,上涨,1.0,-1.0
2019-08-07,上涨,1.0,-1.0
2019-08-08,下跌,1.0,-1.0
2019-08-09,上涨,-1.0,-1.0
2019-08-12,下跌,1.0,1.0
2019-08-13,下跌,-1.0,1.0
2019-08-14,上涨,-1.0,-1.0
2019-08-15,下跌,1.0,-1.0
2019-08-16,上涨,-1.0,1.0
2019-08-19,上涨,1.0,1.0
2019-08-20,上涨,1.0,1.0
2019-08-21,下跌,1.0,1.0
2019-08-22,下跌,-1.0,1.0
2019-08-23,下跌,-1.0,1.0
2019-08-26,上涨,-1.0,-1.0
2019-08-27,上涨,1.0,-1.0
2019-08-28,下跌,1.0,-1.0
2019-08-29,下跌,-1.0,-1.0
2019-08-30,上涨,-1.0,-1.0
2019-09-02,下跌,1.0,-1.0
2019-09-03,上涨,-1.0,-1.0
2019-09-04,横盘,1.0,1.0
2019-09-05,上涨,0.0,1.0
2019-09-06,上涨,1.0,1.0
2019-09-09,上涨,1.0,1.0
2019-09-10,下跌,1.0,1.0
2019-09-11,上涨,-1.0,1.0
2019-09-12,下跌,1.0,1.0
2019-09-16,下跌,-1.0,1.0
2019-09-17,上涨,-1.0,-1.0
2019-09-18,下跌,1.0,-1.0
2019-09-19,上涨,-1.0,-1.0
2019-09-20,下跌,1.0,-1.0
2019-09-23,下跌,-1.0,-1.0
2019-09-24,下跌,-1.0,-1.0
2019-09-25,上涨,-1.0,-1.0
2019-09-26,下跌,1.0,-1.0
2019-09-27,下跌,-1.0,-1.0
2019-09-30,上涨,-1.0,-1.0
2019-10-08,上涨,1.0,1.0
2019-10-09,下跌,1.0,1.0
2019-10-10,上涨,-1.0,1.0
2019-10-11,上涨,1.0,1.0
2019-10-14,下跌,1.0,1.0
2019-10-15,上涨,-1.0,1.0
2019-10-16,上涨,1.0,1.0
2019-10-17,下跌,1.0,1.0
2019-10-18,上涨,-1.0,1.0
2019-10-21,下跌,1.0,1.0
2019-10-22,下跌,-1.0,1.0
2019-10-23,下跌,-1.0,-1.0
2019-10-24,上涨,-1.0,-1.0
2019-10-25,下跌,1.0,1.0
2019-10-28,下跌,-1.0,-1.0
2019-10-29,下跌,-1.0,-1.0
2019-10-30,下跌,-1.0,-1.0
2019-10-31,上涨,-1.0,-1.0
2019-11-01,上涨,1.0,-1.0
2019-11-04,上涨,1.0,-1.0
2019-11-05,下跌,1.0,1.0
2019-11-06,下跌,-1.0,0.0
2019-11-07,上涨,-1.0,1.0
2019-11-08,下跌,1.0,-1.0
2019-11-11,下跌,-1.0,-1.0
2019-11-12,下跌,-1.0,-1.0
2019-11-13,上涨,-1.0,-1.0
2019-11-14,上涨,1.0,-1.0
2019-11-15,下跌,1.0,-1.0
2019-11-18,上涨,-1.0,1.0
2019-11-19,下跌,1.0,1.0
2019-11-20,上涨,-1.0,1.0
2019-11-21,上涨,1.0,1.0
2019-11-22,上涨,1.0,1.0
2019-11-25,下跌,1.0,1.0
2019-11-26,下跌,-1.0,1.0
2019-11-27,下跌,-1.0,1.0
2019-11-28,下跌,-1.0,1.0
